ID,VICTIMAS,FECHA,ANIO,MES,DIA,HORA,MEDIO,COMUNA,X,Y,PARTICIPANTES,ACUSADO,ROL,DAMNIFICADO,SEXO,EDAD,OBITO,SEMESTRE
2016-0001,1,2016-01-01,2016,1,1,04:00:00,AVENIDA,8,"-58,48","-34,69",MOTO-AUTO,AUTO,CONDUCTOR,MOTO,MASCULINO,19,1,1
2016-0002,1,2016-01-02,2016,1,2,01:15:00,AUTOPISTA,9,"-58,51","-34,67",AUTO-PASAJEROS,PASAJEROS,CONDUCTOR,AUTO,MASCULINO,70,1,1
2016-0003,1,2016-01-03,2016,1,3,07:00:00,AVENIDA,1,"-58,39","-34,63",MOTO-AUTO,AUTO,CONDUCTOR,MOTO,MASCULINO,30,1,1
2016-0004,1,2016-01-10,2016,1,10,00:00:00,AVENIDA,8,"-58,47","-34,68",MOTO-SD,DESCONOCIDO,CONDUCTOR,MOTO,MASCULINO,18,1,1
2016-0005,1,2016-01-21,2016,1,21,05:20:00,AVENIDA,1,"-58,39","-34,62",MOTO-PASAJEROS,PASAJEROS,CONDUCTOR,MOTO,MASCULINO,29,1,1
2016-0008,1,2016-01-24,2016,1,24,18:30:00,AVENIDA,8,"-58,44","-34,68",MOTO-OBJETO FIJO,OBJETO FIJO,CONDUCTOR,MOTO,MASCULINO,30,1,1
2016-0009,1,2016-01-24,2016,1,24,19:10:00,CALLE,11,"-58,50","-34,61",MOTO-AUTO,AUTO,PASAJERO,MOTO,MASCULINO,29,1,1
2016-0010,1,2016-01-29,2016,1,29,15:20:00,AUTOPISTA,9,"-58,51","-34,67",MOTO-AUTO,AUTO,CONDUCTOR,MOTO,MASCULINO,18,1,1
2016-0012,1,2016-02-08,2016,2,8,01:20:00,AVENIDA,1,"-58,38","-34,61",MOTO-CARGAS,CARGAS,CONDUCTOR,MOTO,MASCULINO,22,1,1
2016-0013,1,2016-02-10,2016,2,10,11:30:00,AVENIDA,1,"-58,39","-34,62",PEATON-AUTO,AUTO,PEATON,PEATON,MASCULINO,16,1,1
2016-0015,1,2016-02-14,2016,2,14,05:14:00,AVENIDA,15,"-58,44","-34,60",PEATON-AUTO,AUTO,PEATON,PEATON,FEMENINO,16,1,1
2016-0016,1,2016-02-14,2016,2,14,22:00:00,AVENIDA,4,"-58,37","-34,64",MOTO-AUTO,AUTO,PASAJERO,MOTO,FEMENINO,19,1,1
2016-0017,1,2016-02-15,2016,2,15,16:54:00,AVENIDA,8,"-58,45","-34,66",PEATON-MOTO,MOTO,PEATON,PEATON,MASCULINO,59,1,1
2016-0019,1,2016-02-17,2016,2,17,09:30:00,CALLE,9,"-58,51","-34,65",PEATON-PASAJEROS,PASAJEROS,PEATON,PEATON,FEMENINO,65,1,1
2016-0020,1,2016-02-17,2016,2,17,16:00:00,CALLE,1,"-58,38","-34,61",PEATON-AUTO,AUTO,PEATON,PEATON,MASCULINO,59,1,1
2016-0021,1,2016-02-17,2016,2,17,23:35:00,AVENIDA,7,"-58,45","-34,63",AUTO-AUTO,AUTO,CONDUCTOR,AUTO,MASCULINO,34,1,1
2016-0022,1,2016-02-21,2016,2,21,06:00:00,AVENIDA,1,"-58,38","-34,61",MOTO-AUTO,AUTO,PASAJERO,MOTO,MASCULINO,41,1,1
2016-0025,1,2016-02-28,2016,2,28,04:50:00,AUTOPISTA,8,"-58,46","-34,71",AUTO-AUTO,AUTO,PASAJERO,AUTO,MASCULINO,34,1,1
2016-0026,1,2016-02-28,2016,2,28,07:30:00,CALLE,12,"-58,49","-34,55",AUTO-OBJETO FIJO,OBJETO FIJO,CONDUCTOR,AUTO,MASCULINO,30,1,1
2016-0027,1,2016-02-28,2016,2,28,09:35:00,AVENIDA,7,"-58,44","-34,64",AUTO-AUTO,AUTO,PASAJERO,AUTO,MASCULINO,34,1,1
2016-0028,1,2016-03-02,2016,3,2,10:00:00,AVENIDA,1,"-58,38","-34,60",PEATON-CARGAS,CARGAS,PEATON,PEATON,MASCULINO,50,1,1
2016-0029,1,2016-03-04,2016,3,4,17:30:00,AVENIDA,12,"-58,47","-34,54",PEATON-PASAJEROS,PASAJEROS,PEATON,PEATON,MASCULINO,38,1,1
2016-0031,1,2016-03-08,2016,3,8,12:30:00,AUTOPISTA,8,"-58,47","-34,70",MOTO-PASAJEROS,PASAJEROS,CONDUCTOR,MOTO,MASCULINO,21,1,1
2016-0034,1,2016-03-12,2016,3,12,12:30:00,AVENIDA,4,"-58,41","-34,65",PEATON-PASAJEROS,PASAJEROS,PEATON,PEATON,MASCULINO,52,1,1
2016-0035,1,2016-03-13,2016,3,13,06:00:00,AVENIDA,3,"-58,39","-34,60",MOTO-PASAJEROS,PASAJEROS,CONDUCTOR,MOTO,MASCULINO,34,1,1
2016-0036,1,2016-03-14,2016,3,14,00:15:00,CALLE,4,"-58,38","-34,64",MOTO-PASAJEROS,PASAJEROS,PASAJERO,MOTO,MASCULINO,36,1,1
2016-0037,1,2016-03-19,2016,3,19,11:00:00,AVENIDA,7,"-58,46","-34,64",MOTO-MOTO,MOTO,CONDUCTOR,MOTO,MASCULINO,20,1,1
2016-0038,1,2016-03-21,2016,3,21,08:06:00,AUTOPISTA,8,"-58,50","-34,68",PEATON-PASAJEROS,PASAJEROS,PEATON,PEATON,MASCULINO,29,1,1
2016-0039,1,2016-03-23,2016,3,23,01:50:00,AVENIDA,3,"-58,41","-34,61",MOTO-PASAJEROS,PASAJEROS,CONDUCTOR,MOTO,MASCULINO,20,1,1
2016-0041,2,2016-03-29,2016,3,29,11:00:00,AVENIDA,7,"-58,46","-34,63",MOTO-CARGAS,CARGAS,CONDUCTOR,MOTO,MASCULINO,54,1,1
2016-0041,2,2016-03-29,2016,3,29,11:00:00,AVENIDA,7,"-58,46","-34,63",MOTO-CARGAS,CARGAS,PASAJERO,MOTO,MASCULINO,0,1,1
2016-0043,1,2016-03-30,2016,3,30,18:15:00,AVENIDA,8,"-58,48","-34,67",PEATON-CARGAS,CARGAS,PEATON,PEATON,FEMENINO,56,1,1
2016-0044,1,2016-03-31,2016,3,31,19:40:00,AVENIDA,7,"-58,43","-34,64",MULTIPLE,MULTIPLE,CONDUCTOR,MOTO,MASCULINO,24,1,1
2016-0045,1,2016-04-11,2016,4,11,10:25:00,AUTOPISTA,13,"-58,47","-34,53",MOTO-SD,DESCONOCIDO,CONDUCTOR,MOTO,MASCULINO,0,1,1
2016-0047,1,2016-04-15,2016,4,15,05:30:00,CALLE,1,"-58,38","-34,63",PEATON-PASAJEROS,PASAJEROS,PEATON,PEATON,MASCULINO,41,1,1
2016-0048,1,2016-04-15,2016,4,15,17:40:00,AVENIDA,15,"-58,45","-34,59",PEATON-PASAJEROS,PASAJEROS,PEATON,PEATON,FEMENINO,0,1,1
2016-0049,1,2016-04-17,2016,4,17,00:00:00,AUTOPISTA,4,"-58,38","-34,64",SD-SD,DESCONOCIDO,DESCONOCIDO,DESCONOCIDO,DESCONOCIDO,0,1,1
2016-0050,1,2016-04-19,2016,4,19,09:50:00,AVENIDA,8,"-58,47","-34,69",PEATON-PASAJEROS,PASAJEROS,PEATON,PEATON,MASCULINO,78,1,1
2016-0051,1,2016-04-20,2016,4,20,04:00:00,AVENIDA,4,"-58,41","-34,65",MOTO-CARGAS,CARGAS,CONDUCTOR,MOTO,MASCULINO,36,1,1
2016-0052,1,2016-04-20,2016,4,20,20:00:00,AUTOPISTA,13,nan,nan,MOTO-SD,DESCONOCIDO,DESCONOCIDO,MOTO,DESCONOCIDO,0,1,1
2016-0053,1,2016-04-22,2016,4,22,09:30:00,AVENIDA,12,"-58,48","-34,58",PEATON-PASAJEROS,PASAJEROS,PEATON,PEATON,MASCULINO,38,1,1
2016-0054,1,2016-04-23,2016,4,23,21:00:00,AUTOPISTA,8,"-58,49","-34,69",MOTO-MOTO,MOTO,CONDUCTOR,MOTO,MASCULINO,30,1,1
2016-0055,1,2016-04-25,2016,4,25,20:30:00,AVENIDA,14,"-58,40","-34,58",PEATON-CARGAS,CARGAS,PEATON,PEATON,MASCULINO,79,1,1
2016-0056,1,2016-04-26,2016,4,26,04:45:00,AVENIDA,14,"-58,43","-34,58",MOTO-OBJETO FIJO,OBJETO FIJO,CONDUCTOR,MOTO,MASCULINO,26,1,1
2016-0058,1,2016-05-04,2016,5,4,14:00:00,CALLE,1,"-58,38","-34,63",PEATON-MOTO,MOTO,PEATON,PEATON,FEMENINO,57,1,1
2016-0059,1,2016-05-08,2016,5,8,16:30:00,CALLE,1,"-58,38","-34,63",PEATON-PASAJEROS,PASAJEROS,PEATON,PEATON,MASCULINO,37,1,1
2016-0064,1,2016-05-14,2016,5,14,18:11:00,AVENIDA,10,"-58,49","-34,63",PEATON-PASAJEROS,PASAJEROS,PEATON,PEATON,MASCULINO,20,1,1
2016-0065,1,2016-05-20,2016,5,20,14:40:00,AVENIDA,6,"-58,45","-34,61",PEATON-AUTO,AUTO,PEATON,PEATON,MASCULINO,20,1,1
2016-0067,1,2016-05-21,2016,5,21,17:00:00,AVENIDA,8,"-58,48","-34,68",MOTO-PASAJEROS,PASAJEROS,PASAJERO,MOTO,FEMENINO,30,1,1
2016-0068,1,2016-05-22,2016,5,22,22:00:00,AVENIDA,2,"-58,39","-34,58",MOTO-PASAJEROS,PASAJEROS,CONDUCTOR,MOTO,MASCULINO,58,1,1
2016-0069,1,2016-05-23,2016,5,23,03:30:00,AVENIDA,3,"-58,39","-34,63",AUTO-CARGAS,CARGAS,CONDUCTOR,AUTO,MASCULINO,30,1,1
2016-0073,1,2016-06-11,2016,6,11,15:00:00,CALLE,10,"-58,49","-34,62",MOTO-CARGAS,CARGAS,CONDUCTOR,MOTO,MASCULINO,23,1,1
2016-0074,1,2016-06-12,2016,6,12,06:40:00,AUTOPISTA,8,"-58,50","-34,68",AUTO-AUTO,AUTO,CONDUCTOR,AUTO,MASCULINO,60,1,1
2016-0075,1,2016-06-12,2016,6,12,23:13:00,AUTOPISTA,8,"-58,47","-34,67",PEATON-AUTO,AUTO,PEATON,PEATON,MASCULINO,42,1,1
2016-0076,1,2016-06-13,2016,6,13,16:20:00,AVENIDA,15,"-58,46","-34,60",PEATON-PASAJEROS,PASAJEROS,PEATON,PEATON,FEMENINO,53,1,1
2016-0077,1,2016-06-13,2016,6,13,21:52:00,AVENIDA,1,"-58,37","-34,61",PEATON-PASAJEROS,PASAJEROS,PEATON,PEATON,FEMENINO,0,1,1
2016-0078,1,2016-06-13,2016,6,13,23:01:00,AVENIDA,3,"-58,40","-34,61",MOTO-MOTO,MOTO,CONDUCTOR,MOTO,MASCULINO,30,1,1
2016-0079,1,2016-06-16,2016,6,16,17:13:00,AVENIDA,13,"-58,46","-34,55",AUTO-AUTO,AUTO,CONDUCTOR,AUTO,FEMENINO,51,1,1
2016-0080,1,2016-06-18,2016,6,18,06:42:00,AUTOPISTA,9,"-58,53","-34,64",AUTO-SD,DESCONOCIDO,CONDUCTOR,AUTO,MASCULINO,60,1,1
2016-0081,1,2016-06-22,2016,6,22,07:42:00,AVENIDA,12,"-58,49","-34,56",MOTO-AUTO,AUTO,CONDUCTOR,MOTO,MASCULINO,40,1,1
2016-0082,1,2016-06-27,2016,6,27,18:24:00,AVENIDA,4,"-58,42","-34,64",PEATON-AUTO,AUTO,PEATON,PEATON,MASCULINO,87,1,1
2016-0083,1,2016-06-28,2016,6,28,20:46:00,AVENIDA,6,"-58,45","-34,63",PEATON-MOTO,MOTO,PEATON,PEATON,FEMENINO,76,1,1
2016-0084,1,2016-06-29,2016,6,29,22:00:00,CALLE,1,"-58,38","-34,60",PEATON-PASAJEROS,PASAJEROS,PEATON,PEATON,MASCULINO,57,1,1
2016-0085,1,2016-06-29,2016,6,29,22:00:00,AVENIDA,4,"-58,42","-34,66",MOTO-MOVIL,OTRO,DESCONOCIDO,MOTO,MASCULINO,0,1,1
2016-0086,1,2016-06-30,2016,6,30,16:10:00,AVENIDA,10,"-58,49","-34,64",PEATON-PASAJEROS,PASAJEROS,PEATON,PEATON,MASCULINO,75,1,1
2016-0087,1,2016-07-02,2016,7,3,00:10:00,AUTOPISTA,1,"-58,38","-34,63",MOTO-OBJETO FIJO,OBJETO FIJO,CONDUCTOR,MOTO,MASCULINO,23,1,2
2016-0088,1,2016-07-11,2016,7,11,15:30:00,CALLE,12,"-58,50","-34,57",PEATON-AUTO,AUTO,PEATON,PEATON,FEMENINO,70,1,2
2016-0089,1,2016-07-14,2016,7,14,06:40:00,AUTOPISTA,13,"-58,43","-34,55",PEATON-AUTO,AUTO,PEATON,PEATON,MASCULINO,35,1,2
2016-0090,1,2016-07-14,2016,7,14,22:00:00,AVENIDA,5,"-58,42","-34,61",PEATON-PASAJEROS,PASAJEROS,PEATON,PEATON,MASCULINO,60,1,2
2016-0092,1,2016-07-15,2016,7,15,11:00:00,AUTOPISTA,13,"-58,47","-34,53",MOTO-CARGAS,CARGAS,CONDUCTOR,MOTO,MASCULINO,24,1,2
2016-0093,1,2016-07-17,2016,7,17,03:30:00,AVENIDA,6,"-58,44","-34,62",AUTO-AUTO,AUTO,CONDUCTOR,AUTO,MASCULINO,35,1,2
2016-0095,1,2016-07-23,2016,7,23,06:12:00,AVENIDA,11,"-58,52","-34,60",MOTO-AUTO,AUTO,CONDUCTOR,MOTO,MASCULINO,29,1,2
2016-0096,1,2016-07-25,2016,7,25,07:00:00,AUTOPISTA,8,"-58,47","-34,67",MOTO-CARGAS,CARGAS,CONDUCTOR,MOTO,MASCULINO,0,1,2
2016-0097,1,2016-07-26,2016,7,26,18:45:00,CALLE,1,"-58,39","-34,62",PEATON-AUTO,AUTO,PEATON,PEATON,MASCULINO,80,1,2
2016-0098,1,2016-07-27,2016,7,27,16:08:00,AVENIDA,3,"-58,40","-34,62",MOTO-CARGAS,CARGAS,CONDUCTOR,MOTO,FEMENINO,43,1,2
2016-0099,1,2016-07-29,2016,7,29,16:00:00,AUTOPISTA,11,"-58,52","-34,60",CARGAS-CARGAS,CARGAS,CONDUCTOR,CARGAS,MASCULINO,45,1,2
2016-0100,1,2016-08-03,2016,8,3,23:27:00,AUTOPISTA,12,"-58,49","-34,55",MOTO-OBJETO FIJO,OBJETO FIJO,CONDUCTOR,MOTO,MASCULINO,57,1,2
2016-0101,1,2016-08-07,2016,8,7,19:42:00,AUTOPISTA,9,"-58,53","-34,65",SD-SD,DESCONOCIDO,DESCONOCIDO,DESCONOCIDO,MASCULINO,67,1,2
2016-0102,1,2016-08-10,2016,8,10,23:37:00,AVENIDA,9,"-58,50","-34,67",MOTO-CARGAS,CARGAS,CONDUCTOR,MOTO,MASCULINO,29,1,2
2016-0104,1,2016-08-14,2016,8,14,21:15:00,AVENIDA,9,"-58,47","-34,66",MOTO-PASAJEROS,PASAJEROS,CONDUCTOR,MOTO,MASCULINO,21,1,2
2016-0105,1,2016-08-17,2016,8,17,00:05:00,AVENIDA,15,"-58,45","-34,58",PEATON-PASAJEROS,PASAJEROS,PEATON,PEATON,MASCULINO,19,1,2
2016-0106,1,2016-08-19,2016,8,19,21:02:00,AVENIDA,1,"-58,38","-34,59",PEATON-PASAJEROS,PASAJEROS,PEATON,PEATON,MASCULINO,38,1,2
2016-0107,1,2016-08-20,2016,8,20,08:22:00,AUTOPISTA,4,"-58,37","-34,65",MOTO-AUTO,AUTO,CONDUCTOR,MOTO,MASCULINO,21,1,2
2016-0109,1,2016-08-24,2016,8,24,05:45:00,AUTOPISTA,9,"-58,52","-34,64",AUTO-OBJETO FIJO,OBJETO FIJO,CONDUCTOR,AUTO,FEMENINO,53,1,2
2016-0110,1,2016-08-24,2016,8,24,20:21:00,AVENIDA,9,"-58,51","-34,66",PEATON-SD,DESCONOCIDO,PEATON,PEATON,MASCULINO,57,1,2
2016-0111,1,2016-08-25,2016,8,25,09:30:00,AUTOPISTA,15,"-58,47","-34,58",MOTO-CARGAS,CARGAS,CONDUCTOR,MOTO,MASCULINO,27,1,2
2016-0112,1,2016-08-27,2016,8,27,04:40:00,AUTOPISTA,1,"-58,38","-34,62",MOTO-OBJETO FIJO,OBJETO FIJO,CONDUCTOR,MOTO,MASCULINO,24,1,2
2016-0113,1,2016-08-27,2016,8,27,16:45:00,AVENIDA,9,"-58,50","-34,65",PEATON-PASAJEROS,PASAJEROS,PEATON,PEATON,FEMENINO,60,1,2
2016-0114,1,2016-08-31,2016,8,31,11:20:00,CALLE,14,"-58,42","-34,59",BICICLETA-CARGAS,CARGAS,CICLISTA,BICICLETA,FEMENINO,55,1,2
2016-0115,1,2016-09-02,2016,9,2,11:50:00,CALLE,12,"-58,49","-34,55",SD-CARGAS,CARGAS,DESCONOCIDO,DESCONOCIDO,MASCULINO,0,1,2
2016-0116,1,2016-09-02,2016,9,2,20:20:00,AVENIDA,8,"-58,44","-34,68",MOTO-AUTO,AUTO,CONDUCTOR,MOTO,MASCULINO,30,1,2
2016-0117,1,2016-09-03,2016,9,3,15:30:00,AVENIDA,14,"-58,40","-34,58",AUTO-AUTO,AUTO,CONDUCTOR,AUTO,MASCULINO,43,1,2
2016-0118,1,2016-09-04,2016,9,4,03:30:00,AUTOPISTA,1,"-58,38","-34,63",AUTO-AUTO,AUTO,CONDUCTOR,AUTO,MASCULINO,27,1,2
2016-0119,1,2016-09-04,2016,9,4,06:40:00,AVENIDA,12,"-58,50","-34,56",SD-SD,DESCONOCIDO,PASAJERO,DESCONOCIDO,FEMENINO,0,1,2
2016-0122,1,2016-09-13,2016,9,13,07:10:00,AVENIDA,9,"-58,47","-34,65",BICICLETA-PASAJEROS,PASAJEROS,CICLISTA,BICICLETA,MASCULINO,49,1,2
2016-0123,1,2016-09-14,2016,9,14,09:00:00,AVENIDA,7,"-58,45","-34,64",MOTO-AUTO,AUTO,CONDUCTOR,MOTO,FEMENINO,58,1,2
2016-0124,1,2016-09-16,2016,9,16,15:24:00,AVENIDA,7,"-58,46","-34,63",PEATON-PASAJEROS,PASAJEROS,PEATON,PEATON,MASCULINO,67,1,2
2016-0125,1,2016-09-17,2016,9,17,12:14:00,AUTOPISTA,10,"-58,49","-34,64",MOTO-MOTO,MOTO,CONDUCTOR,MOTO,MASCULINO,30,1,2
2016-0126,2,2016-09-18,2016,9,18,22:45:00,CALLE,10,"-58,53","-34,62",AUTO-CARGAS,CARGAS,CONDUCTOR,AUTO,MASCULINO,37,1,2
2016-0126,2,2016-09-18,2016,9,18,22:45:00,CALLE,10,"-58,53","-34,62",AUTO-CARGAS,CARGAS,PASAJERO,AUTO,MASCULINO,60,1,2
2016-0127,1,2016-09-24,2016,9,24,10:25:00,AVENIDA,8,"-58,44","-34,67",PEATON-PASAJEROS,PASAJEROS,PEATON,PEATON,MASCULINO,50,1,2
2016-0128,1,2016-10-02,2016,10,2,11:30:00,AVENIDA,5,"-58,42","-34,63",PEATON-PASAJEROS,PASAJEROS,PEATON,PEATON,FEMENINO,81,1,2
2016-0130,1,2016-10-04,2016,10,4,12:30:00,AUTOPISTA,1,"-58,38","-34,63",MOTO-CARGAS,CARGAS,CONDUCTOR,MOTO,MASCULINO,29,1,2
2016-0131,1,2016-10-09,2016,10,9,19:13:00,CALLE,4,"-58,40","-34,65",PEATON-AUTO,AUTO,PEATON,PEATON,MASCULINO,35,1,2
2016-0132,1,2016-10-10,2016,10,10,02:30:00,AVENIDA,3,"-58,41","-34,62",AUTO-PASAJEROS,PASAJEROS,PASAJERO,AUTO,MASCULINO,30,1,2
2016-0133,1,2016-10-14,2016,10,14,00:05:00,AVENIDA,14,"-58,40","-34,58",MOTO-AUTO,AUTO,CONDUCTOR,MOTO,MASCULINO,41,1,2
2016-0134,1,2016-10-23,2016,10,23,05:00:00,AVENIDA,8,"-58,49","-34,68",MOTO-OBJETO FIJO,OBJETO FIJO,CONDUCTOR,MOTO,MASCULINO,25,1,2
2016-0135,1,2016-10-24,2016,10,24,05:00:00,AVENIDA,14,"-58,42","-34,56",PEATON-SD,DESCONOCIDO,PEATON,PEATON,MASCULINO,29,1,2
2016-0136,1,2016-10-25,2016,10,25,00:00:00,AUTOPISTA,4,nan,nan,MOTO-CARGAS,CARGAS,CONDUCTOR,MOTO,DESCONOCIDO,0,1,2
2016-0137,1,2016-10-25,2016,10,25,00:39:00,AVENIDA,11,"-58,52","-34,59",MOTO-MOTO,MOTO,CONDUCTOR,MOTO,MASCULINO,30,1,2
2016-0138,1,2016-10-27,2016,10,27,20:30:00,AVENIDA,13,"-58,46","-34,56",BICICLETA-CARGAS,CARGAS,CICLISTA,BICICLETA,FEMENINO,33,1,2
2016-0139,1,2016-10-28,2016,10,28,23:00:00,AVENIDA,14,"-58,42","-34,57",MOTO-MOTO,MOTO,PASAJERO,MOTO,FEMENINO,35,1,2
2016-0140,1,2016-10-31,2016,10,31,02:58:00,AVENIDA,13,"-58,46","-34,56",PASAJEROS-PASAJEROS,PASAJEROS,PASAJERO,PASAJEROS,MASCULINO,20,1,2
2016-0142,1,2016-11-05,2016,11,5,23:30:00,AVENIDA,1,"-58,38","-34,59",MOTO-PASAJEROS,PASAJEROS,CONDUCTOR,MOTO,MASCULINO,46,1,2
2016-0143,1,2016-11-06,2016,11,6,04:41:00,AVENIDA,8,"-58,44","-34,68",MOTO-SD,DESCONOCIDO,CONDUCTOR,MOTO,MASCULINO,35,1,2
2016-0144,1,2016-11-07,2016,11,7,12:10:00,AVENIDA,4,"-58,36","-34,63",PEATON-PASAJEROS,PASAJEROS,PEATON,PEATON,MASCULINO,83,1,2
2016-0145,1,2016-11-07,2016,11,7,20:56:00,AVENIDA,13,"-58,45","-34,56",MOTO-AUTO,AUTO,CONDUCTOR,MOTO,MASCULINO,39,1,2
2016-0146,1,2016-11-09,2016,11,9,20:00:00,AVENIDA,4,"-58,40","-34,63",PEATON-PASAJEROS,PASAJEROS,PEATON,PEATON,FEMENINO,29,1,2
2016-0147,1,2016-11-16,2016,11,16,21:15:00,AVENIDA,1,"-58,39","-34,62",MOVIL-PASAJEROS,PASAJEROS,PASAJERO,MOVIL,MASCULINO,55,1,2
2016-0148,1,2016-11-16,2016,11,16,22:20:00,AVENIDA,15,"-58,47","-34,59",MOTO-MOTO,MOTO,CONDUCTOR,MOTO,MASCULINO,0,1,2
2016-0150,1,2016-11-18,2016,11,18,18:20:00,AVENIDA,4,"-58,41","-34,65",CARGAS-CARGAS,CARGAS,PASAJERO,CARGAS,MASCULINO,41,1,2
2016-0151,1,2016-11-18,2016,11,18,20:35:00,CALLE,0,nan,nan,PEATON-SD,DESCONOCIDO,PEATON,PEATON,DESCONOCIDO,0,1,2
2016-0152,1,2016-11-23,2016,11,23,21:10:00,AVENIDA,7,"-58,46","-34,65",MOTO-AUTO,AUTO,CONDUCTOR,MOTO,MASCULINO,42,1,2
2016-0153,1,2016-11-25,2016,11,25,15:42:00,AVENIDA,15,"-58,43","-34,59",PEATON-MOTO,MOTO,PEATON,PEATON,FEMENINO,83,1,2
2016-0154,1,2016-11-26,2016,11,26,14:14:00,AUTOPISTA,8,"-58,49","-34,68",MOTO-MOTO,MOTO,CONDUCTOR,MOTO,MASCULINO,38,1,2
2016-0155,1,2016-11-26,2016,11,26,16:50:00,CALLE,10,"-58,53","-34,63",PEATON-AUTO,AUTO,PEATON,PEATON,FEMENINO,29,1,2
2016-0156,1,2016-11-26,2016,11,26,19:40:00,AVENIDA,3,"-58,41","-34,62",MOTO-PASAJEROS,PASAJEROS,CONDUCTOR,MOTO,MASCULINO,23,1,2
2016-0157,1,2016-12-03,2016,12,3,06:40:00,AVENIDA,11,"-58,48","-34,62",MOTO-MOTO,MOTO,CONDUCTOR,MOTO,MASCULINO,23,1,2
2016-0159,1,2016-12-04,2016,12,4,07:21:00,AVENIDA,8,"-58,44","-34,68",AUTO-SD,DESCONOCIDO,CONDUCTOR,AUTO,MASCULINO,23,1,2
2016-0160,1,2016-12-06,2016,12,6,05:30:00,AUTOPISTA,9,"-58,52","-34,64",CARGAS-OBJETO FIJO,OBJETO FIJO,CONDUCTOR,CARGAS,MASCULINO,29,1,2
2016-0161,1,2016-12-06,2016,12,6,07:22:00,AVENIDA,14,"-58,43","-34,58",PEATON-PASAJEROS,PASAJEROS,PEATON,PEATON,MASCULINO,50,1,2
2016-0162,1,2016-12-07,2016,12,7,05:00:00,AVENIDA,15,"-58,45","-34,59",PEATON-AUTO,AUTO,PEATON,PEATON,MASCULINO,38,1,2
2016-0163,1,2016-12-10,2016,12,10,07:30:00,AUTOPISTA,11,"-58,52","-34,60",MOTO-AUTO,AUTO,CONDUCTOR,MOTO,MASCULINO,23,1,2
2016-0164,1,2016-12-11,2016,12,11,06:16:00,AVENIDA,4,"-58,42","-34,64",AUTO-AUTO,AUTO,CONDUCTOR,AUTO,MASCULINO,29,1,2
2016-0165,1,2016-12-12,2016,12,12,08:25:00,AVENIDA,4,"-58,37","-34,63",BICICLETA-PASAJEROS,PASAJEROS,CICLISTA,BICICLETA,MASCULINO,37,1,2
2016-0168,1,2016-12-13,2016,12,13,10:40:00,AVENIDA,4,"-58,42","-34,64",MOTO-AUTO,AUTO,CONDUCTOR,MOTO,MASCULINO,43,1,2
2016-0169,1,2016-12-15,2016,12,15,15:30:00,AVENIDA,12,"-58,48","-34,56",MOTO-PASAJEROS,PASAJEROS,CONDUCTOR,MOTO,MASCULINO,24,1,2
2016-0170,1,2016-12-19,2016,12,19,17:10:00,AUTOPISTA,12,"-58,51","-34,56",MOTO-AUTO,AUTO,PASAJERO,MOTO,MASCULINO,21,1,2
2016-0171,1,2016-12-25,2016,12,25,19:00:00,AUTOPISTA,1,"-58,37","-34,62",MOTO-MOTO,MOTO,CONDUCTOR,MOTO,DESCONOCIDO,0,1,2
2016-0172,1,2016-12-26,2016,12,26,08:00:00,AVENIDA,5,"-58,42","-34,63",MOTO-CARGAS,CARGAS,CONDUCTOR,MOTO,MASCULINO,38,1,2
2016-0173,1,2016-12-26,2016,12,26,19:52:00,AVENIDA,7,"-58,47","-34,64",MOTO-CARGAS,CARGAS,CONDUCTOR,MOTO,MASCULINO,35,1,2
2016-0174,1,2016-12-27,2016,12,27,00:00:00,AUTOPISTA,0,nan,nan,SD-SD,DESCONOCIDO,DESCONOCIDO,DESCONOCIDO,DESCONOCIDO,0,1,2
2016-0175,1,2016-12-27,2016,12,27,08:15:00,CALLE,7,"-58,46","-34,63",PEATON-BICICLETA,BICICLETA,PEATON,PEATON,FEMENINO,0,1,2
2016-0176,1,2016-12-28,2016,12,28,01:41:00,AVENIDA,1,"-58,37","-34,61",MOTO-PASAJEROS,PASAJEROS,CONDUCTOR,MOTO,MASCULINO,28,1,2
2016-0177,1,2016-12-29,2016,12,29,04:00:00,CALLE,14,"-58,41","-34,59",PEATON-AUTO,AUTO,PEATON,PEATON,FEMENINO,27,1,2
2016-0178,1,2016-12-30,2016,12,30,16:18:00,CALLE,3,"-58,40","-34,62",MULTIPLE,MULTIPLE,PEATON,PEATON,FEMENINO,7,1,2
2017-0001,1,2017-01-02,2017,1,2,01:00:00,AVENIDA,11,"-58,47","-34,61",MOTO-CARGAS,CARGAS,CONDUCTOR,MOTO,MASCULINO,18,1,1
2017-0003,1,2017-01-05,2017,1,5,03:10:00,AVENIDA,4,"-58,39","-34,64",CARGAS-CARGAS,CARGAS,PASAJERO,CARGAS,MASCULINO,33,1,1
2017-0007,1,2017-01-11,2017,1,11,17:00:00,CALLE,1,"-58,38","-34,62",MULTIPLE,MULTIPLE,PEATON,PEATON,MASCULINO,48,1,1
2017-0008,1,2017-01-16,2017,1,16,00:40:00,CALLE,14,"-58,44","-34,58",MOTO-PASAJEROS,PASAJEROS,CONDUCTOR,MOTO,MASCULINO,29,1,1
2017-0009,1,2017-01-16,2017,1,16,13:56:00,AUTOPISTA,5,"-58,42","-34,63",MOTO-CARGAS,CARGAS,CONDUCTOR,MOTO,MASCULINO,36,1,1
2017-0010,1,2017-01-16,2017,1,16,16:30:00,AVENIDA,6,"-58,44","-34,63",MOTO-AUTO,AUTO,CONDUCTOR,MOTO,MASCULINO,23,1,1
2017-0011,1,2017-01-22,2017,1,22,02:30:00,AUTOPISTA,12,"-58,50","-34,55",MOTO-OBJETO FIJO,OBJETO FIJO,PASAJERO,MOTO,FEMENINO,29,1,1
2017-0012,1,2017-01-24,2017,1,24,14:00:00,CALLE,4,"-58,41","-34,65",MOTO-CARGAS,CARGAS,CONDUCTOR,MOTO,MASCULINO,30,1,1
2017-0013,1,2017-01-27,2017,1,27,07:00:00,AVENIDA,4,"-58,39","-34,65",PEATON-CARGAS,CARGAS,PEATON,PEATON,MASCULINO,4,1,1
2017-0014,1,2017-01-28,2017,1,28,08:27:34,AVENIDA,12,"-58,49","-34,55",MULTIPLE,MULTIPLE,PASAJERO,MOTO,FEMENINO,22,1,1
2017-0015,1,2017-02-02,2017,2,2,15:18:03,AVENIDA,2,"-58,39","-34,60",PEATON-AUTO,AUTO,PEATON,PEATON,MASCULINO,82,1,1
2017-0016,1,2017-02-03,2017,2,3,05:12:21,AUTOPISTA,1,"-58,38","-34,62",MOTO-CARGAS,CARGAS,CONDUCTOR,MOTO,MASCULINO,27,1,1
2017-0017,1,2017-02-06,2017,2,6,08:00:00,AVENIDA,14,"-58,43","-34,58",MOTO-AUTO,AUTO,CONDUCTOR,MOTO,MASCULINO,32,1,1
2017-0018,1,2017-02-09,2017,2,9,07:00:00,AUTOPISTA,9,"-58,51","-34,67",MOTO-AUTO,AUTO,CONDUCTOR,MOTO,MASCULINO,30,1,1
2017-0021,1,2017-02-18,2017,2,18,05:30:00,CALLE,1,"-58,38","-34,61",MOTO-PASAJEROS,PASAJEROS,CONDUCTOR,MOTO,MASCULINO,43,1,1
2017-0024,1,2017-02-23,2017,2,23,20:50:00,AVENIDA,7,"-58,47","-34,63",PEATON-PASAJEROS,PASAJEROS,PEATON,PEATON,MASCULINO,39,1,1
2017-0025,1,2017-02-24,2017,2,24,17:05:00,AVENIDA,7,"-58,44","-34,65",MOTO-SD,DESCONOCIDO,CONDUCTOR,MOTO,MASCULINO,23,1,1
2017-0026,2,2017-02-26,2017,2,26,05:15:00,AVENIDA,4,"-58,42","-34,65",AUTO-OBJETO FIJO,OBJETO FIJO,PASAJERO,AUTO,FEMENINO,23,1,1
2017-0026,2,2017-02-26,2017,2,26,05:15:00,AVENIDA,4,"-58,42","-34,65",AUTO-OBJETO FIJO,OBJETO FIJO,CONDUCTOR,AUTO,MASCULINO,19,1,1
2017-0027,1,2017-02-26,2017,2,26,21:57:00,AVENIDA,1,"-58,38","-34,63",PEATON-AUTO,AUTO,PEATON,PEATON,MASCULINO,0,1,1
2017-0028,1,2017-02-28,2017,2,28,09:20:00,AVENIDA,6,"-58,45","-34,61",PEATON-AUTO,AUTO,PEATON,PEATON,MASCULINO,87,1,1
2017-0029,1,2017-03-07,2017,3,7,02:15:00,CALLE,9,"-58,49","-34,65",SD-AUTO,AUTO,DESCONOCIDO,DESCONOCIDO,MASCULINO,34,1,1
2017-0030,1,2017-03-07,2017,3,7,08:00:00,AVENIDA,9,"-58,47","-34,66",AUTO-PASAJEROS,PASAJEROS,CONDUCTOR,AUTO,FEMENINO,27,1,1
2017-0031,1,2017-03-11,2017,3,11,01:30:00,CALLE,3,"-58,41","-34,63",AUTO-OBJETO FIJO,OBJETO FIJO,PASAJERO,AUTO,MASCULINO,70,1,1
2017-0032,1,2017-03-12,2017,3,12,05:00:00,AUTOPISTA,8,"-58,49","-34,68",AUTO-AUTO,AUTO,PASAJERO,AUTO,FEMENINO,40,1,1
2017-0033,1,2017-03-12,2017,3,12,07:30:00,AUTOPISTA,11,"-58,52","-34,60",AUTO-AUTO,AUTO,CONDUCTOR,AUTO,MASCULINO,28,1,1
2017-0034,1,2017-03-13,2017,3,13,07:50:00,CALLE,14,"-58,43","-34,58",PEATON-AUTO,AUTO,PEATON,PEATON,MASCULINO,43,1,1
2017-0035,3,2017-03-23,2017,3,23,05:00:00,AVENIDA,1,"-58,36","-34,61",AUTO-OBJETO FIJO,OBJETO FIJO,CONDUCTOR,AUTO,MASCULINO,28,1,1
2017-0035,3,2017-03-23,2017,3,23,05:00:00,AVENIDA,1,"-58,36","-34,61",AUTO-OBJETO FIJO,OBJETO FIJO,PASAJERO,AUTO,MASCULINO,32,1,1
2017-0035,3,2017-03-23,2017,3,23,05:00:00,AVENIDA,1,"-58,36","-34,61",AUTO-OBJETO FIJO,OBJETO FIJO,PASAJERO,AUTO,MASCULINO,30,1,1
2017-0036,2,2017-03-29,2017,3,29,18:00:00,AUTOPISTA,12,"-58,51","-34,58",MOTO-PASAJEROS,PASAJEROS,PASAJERO,MOTO,FEMENINO,0,1,1
2017-0036,2,2017-03-29,2017,3,29,18:00:00,AUTOPISTA,12,"-58,51","-34,58",MOTO-PASAJEROS,PASAJEROS,CONDUCTOR,MOTO,MASCULINO,20,1,1
2017-0037,1,2017-03-31,2017,3,31,03:00:00,AVENIDA,1,"-58,39","-34,62",MOTO-CARGAS,CARGAS,CONDUCTOR,MOTO,MASCULINO,41,1,1
2017-0038,1,2017-04-01,2017,4,1,19:00:00,AVENIDA,7,"-58,45","-34,64",MOTO-AUTO,AUTO,CONDUCTOR,MOTO,FEMENINO,40,1,1
2017-0040,1,2017-04-03,2017,4,3,09:40:00,AVENIDA,13,"-58,44","-34,55",MULTIPLE,MULTIPLE,CONDUCTOR,AUTO,MASCULINO,43,1,1
2017-0041,1,2017-04-03,2017,4,3,23:15:00,CALLE,7,"-58,45","-34,64",MOTO-AUTO,AUTO,CONDUCTOR,MOTO,MASCULINO,17,1,1
2017-0042,1,2017-04-10,2017,4,10,09:00:00,AUTOPISTA,14,nan,nan,MOTO-CARGAS,CARGAS,CONDUCTOR,MOTO,MASCULINO,0,1,1
2017-0045,1,2017-04-14,2017,4,14,06:15:00,CALLE,10,"-58,52","-34,62",MOTO-OBJETO FIJO,OBJETO FIJO,CONDUCTOR,MOTO,MASCULINO,21,1,1
2017-0047,1,2017-04-23,2017,4,23,06:30:00,AVENIDA,8,"-58,47","-34,67",MOTO-AUTO,AUTO,CONDUCTOR,MOTO,MASCULINO,37,1,1
2017-0049,1,2017-04-27,2017,4,27,18:16:00,AVENIDA,8,"-58,44","-34,66",PEATON-PASAJEROS,PASAJEROS,PEATON,PEATON,MASCULINO,22,1,1
2017-0050,2,2017-04-28,2017,4,28,11:08:08,AUTOPISTA,9,nan,nan,MOTO-CARGAS,CARGAS,CONDUCTOR,MOTO,MASCULINO,46,1,1
2017-0050,2,2017-04-28,2017,4,28,11:08:08,AUTOPISTA,9,nan,nan,MOTO-CARGAS,CARGAS,PASAJERO,MOTO,MASCULINO,16,1,1
2017-0051,1,2017-05-01,2017,5,1,03:47:47,AUTOPISTA,7,nan,nan,AUTO-AUTO,AUTO,CONDUCTOR,AUTO,MASCULINO,33,1,1
2017-0052,1,2017-05-05,2017,5,5,03:40:00,AUTOPISTA,8,"-58,49","-34,68",PEATON-CARGAS,CARGAS,PEATON,PEATON,FEMENINO,47,1,1
2017-0053,1,2017-05-05,2017,5,5,20:16:22,CALLE,4,"-58,38","-34,65",MOTO-CARGAS,CARGAS,CONDUCTOR,MOTO,MASCULINO,28,1,1
2017-0054,1,2017-05-07,2017,5,7,21:00:00,AVENIDA,15,"-58,49","-34,59",MOTO-AUTO,AUTO,PASAJERO,MOTO,FEMENINO,20,1,1
2017-0055,1,2017-05-09,2017,5,9,08:30:00,AVENIDA,12,"-58,50","-34,58",AUTO-AUTO,AUTO,CONDUCTOR,AUTO,MASCULINO,32,1,1
2017-0058,1,2017-05-09,2017,5,9,23:10:00,AVENIDA,1,"-58,38","-34,60",PEATON-MOTO,MOTO,PEATON,PEATON,MASCULINO,80,1,1
2017-0059,1,2017-05-11,2017,5,11,09:24:00,CALLE,1,"-58,38","-34,63",PEATON-PASAJEROS,PASAJEROS,PEATON,PEATON,FEMENINO,39,1,1
2017-0060,1,2017-05-13,2017,5,13,07:20:00,AVENIDA,8,"-58,46","-34,67",MOTO-OBJETO FIJO,OBJETO FIJO,PASAJERO,MOTO,MASCULINO,30,1,1
2017-0061,1,2017-05-15,2017,5,15,13:29:30,AVENIDA,2,"-58,39","-34,60",PEATON-MOTO,MOTO,PEATON,PEATON,MASCULINO,47,1,1
2017-0062,1,2017-05-15,2017,5,15,16:00:00,AVENIDA,10,"-58,51","-34,63",MOTO-CARGAS,CARGAS,CONDUCTOR,MOTO,MASCULINO,35,1,1
2017-0063,1,2017-05-17,2017,5,17,10:13:00,AVENIDA,1,"-58,38","-34,62",PEATON-PASAJEROS,PASAJEROS,PEATON,PEATON,FEMENINO,79,1,1
2017-0064,1,2017-05-20,2017,5,20,05:00:00,CALLE,1,"-58,38","-34,61",CARGAS-AUTO,AUTO,PASAJERO,CARGAS,MASCULINO,61,1,1
2017-0065,1,2017-05-22,2017,5,22,16:00:00,AVENIDA,4,"-58,38","-34,64",BICICLETA-CARGAS,CARGAS,CICLISTA,BICICLETA,MASCULINO,21,1,1
2017-0066,1,2017-05-22,2017,5,22,18:10:00,AVENIDA,15,"-58,46","-34,60",PEATON-PASAJEROS,PASAJEROS,PEATON,PEATON,MASCULINO,10,1,1
2017-0067,1,2017-05-23,2017,5,23,02:45:00,AVENIDA,6,"-58,43","-34,63",MOTO-CARGAS,CARGAS,CONDUCTOR,MOTO,MASCULINO,21,1,1
2017-0068,1,2017-05-27,2017,5,27,19:50:00,AVENIDA,8,"-58,44","-34,66",MOTO-OBJETO FIJO,OBJETO FIJO,CONDUCTOR,MOTO,MASCULINO,32,1,1
2017-0069,1,2017-05-24,2017,5,24,14:15:00,AUTOPISTA,9,"-58,52","-34,66",MOTO-SD,DESCONOCIDO,CONDUCTOR,MOTO,MASCULINO,39,1,1
2017-0070,1,2017-05-30,2017,5,30,13:20:00,CALLE,11,"-58,51","-34,60",PEATON-AUTO,AUTO,PEATON,PEATON,MASCULINO,80,1,1
2017-0072,1,2017-06-03,2017,6,3,23:20:00,AVENIDA,12,"-58,49","-34,58",AUTO-AUTO,AUTO,CONDUCTOR,AUTO,MASCULINO,25,1,1
2017-0073,1,2017-06-04,2017,6,4,09:00:00,AVENIDA,3,"-58,41","-34,60",MOTO-AUTO,AUTO,CONDUCTOR,MOTO,MASCULINO,19,1,1
2017-0074,1,2017-06-04,2017,6,4,12:50:00,CALLE,9,"-58,53","-34,64",SD-SD,DESCONOCIDO,DESCONOCIDO,DESCONOCIDO,MASCULINO,70,1,1
2017-0075,1,2017-06-12,2017,6,12,22:38:00,AVENIDA,1,"-58,38","-34,61",PEATON-MOTO,MOTO,PEATON,PEATON,MASCULINO,55,1,1
2017-0076,1,2017-06-13,2017,6,13,14:50:00,AVENIDA,2,"-58,39","-34,58",PEATON-CARGAS,CARGAS,PEATON,PEATON,FEMENINO,30,1,1
2017-0077,1,2017-06-17,2017,6,17,23:45:00,CALLE,14,"-58,43","-34,58",MOTO-CARGAS,CARGAS,CONDUCTOR,MOTO,FEMENINO,60,1,1
2017-0079,1,2017-06-19,2017,6,19,16:26:00,CALLE,3,"-58,41","-34,62",MOTO-CARGAS,CARGAS,CONDUCTOR,MOTO,MASCULINO,33,1,1
2017-0080,1,2017-06-22,2017,6,22,10:15:00,AVENIDA,9,"-58,50","-34,64",PEATON-CARGAS,CARGAS,PEATON,PEATON,FEMENINO,95,1,1
2017-0082,1,2017-06-25,2017,6,25,22:40:00,AVENIDA,4,"-58,39","-34,63",PEATON-AUTO,AUTO,PEATON,PEATON,MASCULINO,36,1,1
2017-0083,1,2017-07-04,2017,7,4,00:25:00,AVENIDA,9,"-58,50","-34,65",MOTO-CARGAS,CARGAS,CONDUCTOR,MOTO,MASCULINO,37,1,2
2017-0084,1,2017-07-05,2017,7,5,12:49:00,AVENIDA,2,"-58,39","-34,59",PEATON-PASAJEROS,PASAJEROS,PEATON,PEATON,FEMENINO,73,1,2
2017-0085,1,2017-07-07,2017,7,7,14:15:00,AVENIDA,4,"-58,37","-34,63",PEATON-PASAJEROS,PASAJEROS,PEATON,PEATON,MASCULINO,84,1,2
2017-0086,1,2017-07-09,2017,7,9,07:30:00,AVENIDA,9,"-58,52","-34,64",PEATON-MOTO,MOTO,PEATON,PEATON,FEMENINO,30,1,2
2017-0087,1,2017-07-10,2017,7,10,10:45:00,CALLE,3,"-58,41","-34,62",PEATON-AUTO,AUTO,PEATON,PEATON,FEMENINO,73,1,2
2017-0088,1,2017-07-10,2017,7,10,22:30:00,AVENIDA,1,"-58,37","-34,63",PEATON-PASAJEROS,PASAJEROS,PEATON,PEATON,MASCULINO,43,1,2
2017-0089,1,2017-07-13,2017,7,13,12:05:00,CALLE,9,"-58,52","-34,65",SD-AUTO,AUTO,DESCONOCIDO,DESCONOCIDO,MASCULINO,23,1,2
2017-0090,1,2017-07-15,2017,7,15,05:15:00,AUTOPISTA,11,"-58,52","-34,59",PEATON-AUTO,AUTO,PEATON,PEATON,MASCULINO,22,1,2
2017-0091,1,2017-07-15,2017,7,15,13:00:00,AUTOPISTA,12,"-58,49","-34,54",MOTO-SD,DESCONOCIDO,CONDUCTOR,MOTO,MASCULINO,58,1,2
2017-0092,1,2017-07-24,2017,7,24,22:16:01,AUTOPISTA,1,"-58,38","-34,62",PEATON-AUTO,AUTO,PEATON,PEATON,MASCULINO,66,1,2
2017-0093,1,2017-07-25,2017,7,25,16:48:40,AUTOPISTA,13,"-58,44","-34,55",PEATON-AUTO,AUTO,PEATON,PEATON,MASCULINO,0,1,2
2017-0094,1,2017-07-27,2017,7,27,08:50:00,CALLE,10,"-58,53","-34,62",BICICLETA-CARGAS,CARGAS,CICLISTA,BICICLETA,FEMENINO,56,1,2
2017-0095,1,2017-08-06,2017,8,6,08:00:00,AVENIDA,14,"-58,42","-34,60",MOTO-AUTO,AUTO,CONDUCTOR,MOTO,MASCULINO,36,1,2
2017-0096,1,2017-08-07,2017,8,7,19:50:00,AVENIDA,13,"-58,47","-34,55",PEATON-PASAJEROS,PASAJEROS,PEATON,PEATON,MASCULINO,87,1,2
2017-0098,1,2017-08-08,2017,8,8,12:10:00,CALLE,7,"-58,46","-34,63",PEATON-AUTO,AUTO,PEATON,PEATON,FEMENINO,61,1,2
2017-0099,1,2017-08-17,2017,8,17,19:45:00,AVENIDA,14,"-58,42","-34,56",BICICLETA-AUTO,AUTO,CICLISTA,BICICLETA,MASCULINO,28,1,2
2017-0100,1,2017-08-21,2017,8,21,07:45:00,CALLE,3,"-58,40","-34,62",MOTO-OBJETO FIJO,OBJETO FIJO,PASAJERO,MOTO,FEMENINO,16,1,2
2017-0101,1,2017-08-23,2017,8,23,10:00:00,AVENIDA,13,"-58,45","-34,57",MULTIPLE,MULTIPLE,PEATON,PEATON,FEMENINO,61,1,2
2017-0102,1,2017-08-24,2017,8,24,01:10:00,AVENIDA,4,"-58,40","-34,65",PEATON-CARGAS,CARGAS,PEATON,PEATON,MASCULINO,46,1,2
2017-0104,1,2017-08-25,2017,8,25,09:00:00,AVENIDA,1,"-58,38","-34,62",PEATON-CARGAS,CARGAS,PEATON,PEATON,FEMENINO,18,1,2
2017-0106,1,2017-08-31,2017,8,31,19:50:00,CALLE,14,"-58,43","-34,58",PEATON-PASAJEROS,PASAJEROS,PEATON,PEATON,FEMENINO,85,1,2
2017-0107,1,2017-09-01,2017,9,1,11:30:00,AVENIDA,13,"-58,46","-34,54",MOTO-CARGAS,CARGAS,CONDUCTOR,MOTO,MASCULINO,41,1,2
2017-0108,2,2017-09-02,2017,9,2,04:53:08,AUTOPISTA,12,"-58,49","-34,55",AUTO-OBJETO FIJO,AUTO,PASAJERO,AUTO,MASCULINO,17,1,2
2017-0108,2,2017-09-02,2017,9,2,04:53:08,AUTOPISTA,12,"-58,49","-34,55",AUTO-OBJETO FIJO,AUTO,PASAJERO,AUTO,MASCULINO,10,1,2
2017-0109,1,2017-09-04,2017,9,4,21:00:00,AVENIDA,7,"-58,47","-34,64",MOTO-AUTO,AUTO,CONDUCTOR,MOTO,MASCULINO,21,1,2
2017-0110,1,2017-09-06,2017,9,6,14:15:00,AVENIDA,1,"-58,37","-34,60",PEATON-PASAJEROS,PASAJEROS,PEATON,PEATON,MASCULINO,56,1,2
2017-0111,1,2017-09-07,2017,9,7,18:23:37,CALLE,4,"-58,42","-34,64",PEATON-CARGAS,CARGAS,PEATON,PEATON,FEMENINO,79,1,2
2017-0112,2,2017-09-10,2017,9,10,09:32:17,AUTOPISTA,7,"-58,46","-34,64",AUTO-OBJETO FIJO,OBJETO FIJO,PASAJERO,AUTO,MASCULINO,1,1,2
2017-0112,2,2017-09-10,2017,9,10,09:32:17,AUTOPISTA,7,"-58,46","-34,64",AUTO-OBJETO FIJO,OBJETO FIJO,PASAJERO,AUTO,MASCULINO,0,1,2
2017-0113,1,2017-09-11,2017,9,11,06:30:00,AVENIDA,1,"-58,38","-34,60",PEATON-PASAJEROS,PASAJEROS,PEATON,PEATON,FEMENINO,76,1,2
2017-0114,1,2017-09-15,2017,9,15,02:30:00,AVENIDA,2,"-58,39","-34,58",AUTO-OBJETO FIJO,OBJETO FIJO,CONDUCTOR,AUTO,MASCULINO,26,1,2
2017-0115,1,2017-09-19,2017,9,19,18:52:33,AVENIDA,5,"-58,42","-34,63",MOTO-BICICLETA,BICICLETA,CONDUCTOR,MOTO,MASCULINO,34,1,2
2017-0116,1,2017-09-20,2017,9,20,22:24:00,AUTOPISTA,12,"-58,51","-34,58",MOTO-OBJETO FIJO,OBJETO FIJO,CONDUCTOR,MOTO,MASCULINO,22,1,2
2017-0118,1,2017-09-22,2017,9,22,07:02:09,AVENIDA,4,"-58,38","-34,65",MOTO-AUTO,AUTO,PASAJERO,MOTO,FEMENINO,26,1,2
2017-0120,1,2017-10-02,2017,10,2,15:55:33,AUTOPISTA,9,"-58,47","-34,66",MOTO-CARGAS,CARGAS,CONDUCTOR,MOTO,MASCULINO,20,1,2
2017-0123,1,2017-10-10,2017,10,10,01:05:38,AVENIDA,8,"-58,47","-34,67",PEATON-AUTO,AUTO,PEATON,PEATON,FEMENINO,36,1,2
2017-0124,1,2017-10-12,2017,10,12,14:40:28,CALLE,15,"-58,44","-34,59",MOTO-PASAJEROS,PASAJEROS,CONDUCTOR,MOTO,MASCULINO,51,1,2
2017-0125,1,2017-10-13,2017,10,13,06:12:20,AVENIDA,8,"-58,47","-34,68",MOTO-OBJETO FIJO,OBJETO FIJO,CONDUCTOR,MOTO,MASCULINO,29,1,2
2017-0126,2,2017-10-14,2017,10,14,06:15:00,AVENIDA,8,"-58,48","-34,68",AUTO-OBJETO FIJO,OBJETO FIJO,PASAJERO,AUTO,MASCULINO,39,1,2
2017-0126,2,2017-10-14,2017,10,14,06:15:00,AVENIDA,8,"-58,48","-34,68",AUTO-OBJETO FIJO,OBJETO FIJO,CONDUCTOR,AUTO,MASCULINO,36,1,2
2017-0127,1,2017-10-16,2017,10,16,07:45:00,AVENIDA,2,"-58,41","-34,60",MOTO-MOTO,MOTO,PASAJERO,MOTO,MASCULINO,24,1,2
2017-0128,1,2017-10-17,2017,10,17,12:30:00,CALLE,6,"-58,44","-34,61",PEATON-PASAJEROS,PASAJEROS,PEATON,PEATON,FEMENINO,60,1,2
2017-0129,1,2017-10-26,2017,10,26,19:15:15,AUTOPISTA,9,"-58,47","-34,65",MOTO-PASAJEROS,PASAJEROS,CONDUCTOR,MOTO,MASCULINO,57,1,2
2017-0130,1,2017-10-27,2017,10,27,05:30:00,AVENIDA,15,"-58,48","-34,60",AUTO-CARGAS,CARGAS,CONDUCTOR,AUTO,MASCULINO,23,1,2
2017-0132,1,2017-10-30,2017,10,30,14:00:00,AVENIDA,8,"-58,47","-34,69",MOTO-PASAJEROS,PASAJEROS,CONDUCTOR,MOTO,MASCULINO,23,1,2
2017-0134,1,2017-11-06,2017,11,6,18:00:00,AVENIDA,8,"-58,44","-34,67",PEATON-PASAJEROS,PASAJEROS,PEATON,PEATON,FEMENINO,47,1,2
2017-0135,1,2017-11-07,2017,11,7,12:14:10,AVENIDA,15,"-58,47","-34,60",MOTO-CARGAS,CARGAS,CONDUCTOR,MOTO,MASCULINO,24,1,2
2017-0136,1,2017-11-16,2017,11,16,08:43:00,AVENIDA,4,"-58,42","-34,66",PEATON-PASAJEROS,PASAJEROS,PEATON,PEATON,MASCULINO,55,1,2
2017-0137,1,2017-11-17,2017,11,17,11:45:00,AVENIDA,11,"-58,51","-34,59",PEATON-CARGAS,CARGAS,PEATON,PEATON,FEMENINO,60,1,2
2017-0138,1,2017-11-19,2017,11,19,10:30:00,AVENIDA,7,"-58,46","-34,64",MOTO-OBJETO FIJO,OBJETO FIJO,PASAJERO,MOTO,MASCULINO,25,1,2
2017-0139,1,2017-11-19,2017,11,19,22:30:00,AVENIDA,8,"-58,45","-34,68",AUTO-OBJETO FIJO,OBJETO FIJO,PASAJERO,AUTO,FEMENINO,15,1,2
2017-0140,1,2017-11-19,2017,11,19,23:22:17,AUTOPISTA,4,nan,nan,MOTO-PASAJEROS,PASAJEROS,CONDUCTOR,MOTO,MASCULINO,24,1,2
2017-0141,1,2017-11-23,2017,11,23,19:45:00,AVENIDA,6,"-58,43","-34,63",PEATON-PASAJEROS,PASAJEROS,PEATON,PEATON,FEMENINO,22,1,2
2017-0143,1,2017-11-25,2017,11,25,21:45:00,CALLE,11,"-58,46","-34,61",AUTO-PASAJEROS,PASAJEROS,CONDUCTOR,AUTO,MASCULINO,50,1,2
2017-0144,1,2017-11-26,2017,11,26,06:45:00,AUTOPISTA,8,"-58,47","-34,70",AUTO-OBJETO FIJO,OBJETO FIJO,PASAJERO,AUTO,FEMENINO,50,1,2
2017-0145,1,2017-11-26,2017,11,26,17:05:00,CALLE,5,"-58,42","-34,61",MOTO-AUTO,AUTO,CONDUCTOR,MOTO,MASCULINO,58,1,2
2017-0147,1,2017-11-28,2017,11,28,11:15:00,AUTOPISTA,9,"-58,50","-34,67",MOTO-AUTO,AUTO,CONDUCTOR,MOTO,MASCULINO,49,1,2
2017-0148,1,2017-11-29,2017,11,29,10:45:00,AVENIDA,3,"-58,41","-34,62",PEATON-PASAJEROS,PASAJEROS,PEATON,PEATON,FEMENINO,82,1,2
2017-0149,1,2017-11-30,2017,11,30,12:20:00,AVENIDA,1,"-58,37","-34,61",PEATON-PASAJEROS,PASAJEROS,PEATON,PEATON,MASCULINO,13,1,2
2017-0150,1,2017-12-04,2017,12,4,01:15:00,AVENIDA,9,"-58,51","-34,64",PEATON-AUTO,AUTO,PEATON,PEATON,MASCULINO,56,1,2
2017-0151,1,2017-12-04,2017,12,4,02:15:00,CALLE,4,"-58,37","-34,66",PEATON-PASAJEROS,PASAJEROS,PEATON,PEATON,MASCULINO,0,1,2
2017-0152,1,2017-12-06,2017,12,6,17:30:00,CALLE,4,"-58,41","-34,65",BICICLETA-PASAJEROS,PASAJEROS,CICLISTA,BICICLETA,MASCULINO,19,1,2
2017-0153,2,2017-12-11,2017,12,11,02:00:00,AVENIDA,6,"-58,43","-34,62",MOTO-PASAJEROS,PASAJEROS,PASAJERO,MOTO,MASCULINO,0,1,2
2017-0153,2,2017-12-11,2017,12,11,02:00:00,AVENIDA,6,"-58,43","-34,62",MOTO-PASAJEROS,PASAJEROS,CONDUCTOR,MOTO,MASCULINO,30,1,2
2017-0154,1,2017-12-11,2017,12,11,09:15:00,AVENIDA,4,"-58,39","-34,63",PEATON-PASAJEROS,PASAJEROS,PEATON,PEATON,MASCULINO,76,1,2
2017-0155,1,2017-12-12,2017,12,12,21:25:41,AVENIDA,7,"-58,46","-34,63",SD-MOTO,MOTO,DESCONOCIDO,DESCONOCIDO,MASCULINO,77,1,2
2017-0157,1,2017-12-17,2017,12,17,09:02:00,AUTOPISTA,9,"-58,53","-34,65",AUTO-PASAJEROS,PASAJEROS,CONDUCTOR,AUTO,MASCULINO,53,1,2
2017-0158,1,2017-12-18,2017,12,18,21:30:00,AUTOPISTA,11,"-58,52","-34,59",MOTO-AUTO,AUTO,CONDUCTOR,MOTO,MASCULINO,32,1,2
2017-0159,1,2017-12-20,2017,12,20,04:31:27,AVENIDA,1,"-58,39","-34,62",MOTO-AUTO,AUTO,CONDUCTOR,MOTO,MASCULINO,27,1,2
2017-0160,1,2017-12-22,2017,12,22,13:15:00,AVENIDA,7,"-58,47","-34,63",PEATON-MOTO,MOTO,PEATON,PEATON,FEMENINO,30,1,2
2017-0161,1,2017-12-26,2017,12,26,15:30:00,AVENIDA,9,"-58,48","-34,66",PEATON-AUTO,AUTO,PEATON,PEATON,FEMENINO,30,1,2
2018-0001,1,2018-01-01,2018,1,1,22:50:00,AVENIDA,3,"-58,40","-34,62",PEATON-MOTO,MOTO,PEATON,PEATON,MASCULINO,83,1,1
2018-0002,1,2018-01-03,2018,1,3,16:40:00,CALLE,1,"-58,37","-34,62",BICICLETA-PASAJEROS,PASAJEROS,CICLISTA,BICICLETA,FEMENINO,26,1,1
2018-0003,1,2018-01-05,2018,1,5,10:12:00,AVENIDA,15,"-58,45","-34,60",MULTIPLE,MULTIPLE,PEATON,PEATON,FEMENINO,58,1,1
2018-0004,1,2018-01-09,2018,1,9,09:40:00,AVENIDA,13,"-58,46","-34,54",MULTIPLE,MULTIPLE,CONDUCTOR,MOTO,MASCULINO,39,1,1
2018-0005,1,2018-01-09,2018,1,9,22:30:00,AVENIDA,1,"-58,37","-34,62",PEATON-PASAJEROS,PASAJEROS,PEATON,PEATON,MASCULINO,54,1,1
2018-0006,1,2018-01-10,2018,1,10,21:15:00,CALLE,6,"-58,44","-34,62",BICICLETA-PASAJEROS,PASAJEROS,CICLISTA,BICICLETA,FEMENINO,45,1,1
2018-0007,1,2018-01-11,2018,1,11,02:30:00,AUTOPISTA,9,"-58,53","-34,64",AUTO-AUTO,AUTO,CONDUCTOR,AUTO,MASCULINO,46,1,1
2018-0008,1,2018-01-12,2018,1,12,17:50:00,AVENIDA,1,"-58,37","-34,62",MOTO-CARGAS,CARGAS,CONDUCTOR,MOTO,FEMENINO,32,1,1
2018-0009,1,2018-01-14,2018,1,14,02:00:00,AVENIDA,4,"-58,37","-34,63",MOTO-MOTO,MOTO,CONDUCTOR,MOTO,MASCULINO,19,1,1
2018-0010,1,2018-01-18,2018,1,18,05:10:00,CALLE,10,"-58,50","-34,63",MOTO-CARGAS,CARGAS,CONDUCTOR,MOTO,MASCULINO,40,1,1
2018-0011,1,2018-01-19,2018,1,19,10:30:00,AVENIDA,2,"-58,39","-34,59",PEATON-PASAJEROS,PASAJEROS,PEATON,PEATON,MASCULINO,84,1,1
2018-0012,1,2018-01-26,2018,1,26,13:30:00,CALLE,8,"-58,47","-34,68",MOTO-PASAJEROS,PASAJEROS,CONDUCTOR,MOTO,MASCULINO,20,1,1
2018-0013,1,2018-01-28,2018,1,28,08:15:00,AVENIDA,12,"-58,49","-34,57",MOTO-AUTO,AUTO,CONDUCTOR,MOTO,MASCULINO,44,1,1
2018-0014,1,2018-01-31,2018,1,31,20:00:00,AVENIDA,7,"-58,44","-34,65",PEATON-MOTO,MOTO,PEATON,PEATON,MASCULINO,0,1,1
2018-0015,2,2018-02-06,2018,2,6,01:00:00,AVENIDA,4,"-58,39","-34,65",MOTO-PASAJEROS,PASAJEROS,CONDUCTOR,MOTO,MASCULINO,28,1,1
2018-0015,2,2018-02-06,2018,2,6,01:00:00,AVENIDA,4,"-58,39","-34,65",MOTO-PASAJEROS,PASAJEROS,PASAJERO,MOTO,MASCULINO,19,1,1
2018-0016,1,2018-02-15,2018,2,15,10:15:00,AVENIDA,1,"-58,38","-34,59",MOTO-CARGAS,CARGAS,CONDUCTOR,MOTO,MASCULINO,31,1,1
2018-0017,1,2018-02-17,2018,2,17,04:15:00,AVENIDA,7,"-58,47","-34,63",PEATON-AUTO,AUTO,PEATON,PEATON,MASCULINO,35,1,1
2018-0018,1,2018-02-17,2018,2,17,07:15:00,CALLE,4,"-58,37","-34,65",MOTO-CARGAS,CARGAS,CONDUCTOR,MOTO,MASCULINO,26,1,1
2018-0019,1,2018-02-17,2018,2,17,12:30:00,AVENIDA,2,"-58,39","-34,59",PEATON-PASAJEROS,PASAJEROS,PEATON,PEATON,FEMENINO,80,1,1
2018-0020,1,2018-02-19,2018,2,19,22:00:00,AUTOPISTA,8,"-58,45","-34,67",MOTO-CARGAS,CARGAS,CONDUCTOR,MOTO,MASCULINO,26,1,1
2018-0021,1,2018-02-22,2018,2,22,10:45:00,AVENIDA,4,"-58,40","-34,65",PEATON-PASAJEROS,PASAJEROS,PEATON,PEATON,FEMENINO,62,1,1
2018-0022,1,2018-02-24,2018,2,24,00:00:00,AVENIDA,4,"-58,37","-34,64",MOTO-CARGAS,CARGAS,CONDUCTOR,MOTO,MASCULINO,28,1,1
2018-0023,1,2018-02-24,2018,2,24,06:00:00,CALLE,6,"-58,44","-34,62",MOTO-AUTO,AUTO,CONDUCTOR,MOTO,MASCULINO,28,1,1
2018-0024,1,2018-02-28,2018,2,28,23:00:00,AVENIDA,15,"-58,47","-34,58",PEATON-CARGAS,CARGAS,PEATON,PEATON,MASCULINO,70,1,1
2018-0025,1,2018-03-04,2018,3,4,22:30:00,AVENIDA,7,"-58,46","-34,62",PEATON-AUTO,AUTO,PEATON,PEATON,MASCULINO,70,1,1
2018-0026,2,2018-03-09,2018,3,9,04:45:00,AVENIDA,4,"-58,42","-34,65",MOVIL-CARGAS,CARGAS,CONDUCTOR,MOVIL,MASCULINO,24,1,1
2018-0026,2,2018-03-09,2018,3,9,04:45:00,AVENIDA,4,"-58,42","-34,65",MOVIL-CARGAS,CARGAS,PASAJERO,MOVIL,MASCULINO,30,1,1
2018-0027,1,2018-03-11,2018,3,11,23:00:00,CALLE,5,"-58,42","-34,64",PEATON-MOTO,MOTO,PEATON,PEATON,FEMENINO,74,1,1
2018-0028,1,2018-03-13,2018,3,13,15:45:00,AVENIDA,9,"-58,47","-34,64",PEATON-CARGAS,CARGAS,PEATON,PEATON,MASCULINO,71,1,1
2018-0029,1,2018-03-15,2018,3,15,18:00:00,AVENIDA,11,"-58,47","-34,62",MOTO-AUTO,AUTO,CONDUCTOR,MOTO,MASCULINO,26,1,1
2018-0030,1,2018-03-20,2018,3,20,01:30:00,AVENIDA,15,"-58,47","-34,58",MOTO-MOTO,MOTO,CONDUCTOR,MOTO,MASCULINO,24,1,1
2018-0031,1,2018-03-28,2018,3,28,10:15:00,AVENIDA,11,"-58,47","-34,62",MOTO-CARGAS,CARGAS,CONDUCTOR,MOTO,MASCULINO,31,1,1
2018-0032,1,2018-04-02,2018,4,2,13:00:00,AVENIDA,13,"-58,45","-34,57",PEATON-PASAJEROS,PASAJEROS,PEATON,PEATON,MASCULINO,70,1,1
2018-0033,1,2018-04-07,2018,4,7,07:30:00,AVENIDA,10,"-58,51","-34,63",MOTO-CARGAS,CARGAS,CONDUCTOR,MOTO,FEMENINO,42,1,1
2018-0034,1,2018-04-11,2018,4,11,18:15:00,AVENIDA,2,"-58,40","-34,60",PEATON-PASAJEROS,PASAJEROS,PEATON,PEATON,MASCULINO,24,1,1
2018-0035,1,2018-04-12,2018,4,12,16:45:00,AVENIDA,7,"-58,46","-34,63",PEATON-PASAJEROS,PASAJEROS,PEATON,PEATON,FEMENINO,39,1,1
2018-0036,1,2018-04-13,2018,4,13,23:15:00,AVENIDA,15,"-58,49","-34,60",MOTO-AUTO,AUTO,CONDUCTOR,MOTO,MASCULINO,37,1,1
2018-0037,1,2018-04-18,2018,4,18,18:45:00,AVENIDA,2,"-58,40","-34,60",PEATON-CARGAS,CARGAS,PEATON,PEATON,MASCULINO,84,1,1
2018-0038,2,2018-04-20,2018,4,20,17:10:00,AVENIDA,1,"-58,39","-34,61",PEATON-AUTO,AUTO,PEATON,PEATON,FEMENINO,59,1,1
2018-0038,2,2018-04-20,2018,4,20,17:10:00,AVENIDA,1,"-58,39","-34,61",PEATON-AUTO,AUTO,PEATON,PEATON,MASCULINO,61,1,1
2018-0039,1,2018-04-21,2018,4,21,22:15:00,AUTOPISTA,14,nan,nan,PEATON-AUTO,AUTO,PEATON,PEATON,MASCULINO,37,1,1
2018-0040,1,2018-04-27,2018,4,27,11:00:00,CALLE,13,"-58,46","-34,57",PEATON-CARGAS,CARGAS,PEATON,PEATON,FEMENINO,0,1,1
2018-0041,1,2018-04-27,2018,4,27,13:30:00,AVENIDA,4,"-58,42","-34,64",PEATON-PASAJEROS,PASAJEROS,PEATON,PEATON,FEMENINO,78,1,1
2018-0042,1,2018-04-27,2018,4,27,18:43:00,CALLE,4,"-58,39","-34,64",MOTO-CARGAS,CARGAS,PASAJERO,MOTO,MASCULINO,23,1,1
2018-0043,1,2018-04-28,2018,4,28,06:30:00,AVENIDA,11,"-58,49","-34,61",MOTO-AUTO,AUTO,CONDUCTOR,MOTO,MASCULINO,25,1,1
2018-0044,1,2018-04-28,2018,4,28,09:00:00,AVENIDA,3,"-58,40","-34,62",PEATON-AUTO,AUTO,PEATON,PEATON,FEMENINO,50,1,1
2018-0045,1,2018-04-30,2018,4,30,07:00:00,AVENIDA,13,"-58,45","-34,58",AUTO-CARGAS,CARGAS,CONDUCTOR,AUTO,MASCULINO,60,1,1
2018-0046,1,2018-05-02,2018,5,2,03:15:00,AUTOPISTA,9,"-58,53","-34,64",PEATON-AUTO,AUTO,PEATON,PEATON,MASCULINO,11,1,1
2018-0047,1,2018-05-08,2018,5,8,19:00:00,AVENIDA,15,"-58,45","-34,59",PEATON-PASAJEROS,PASAJEROS,PEATON,PEATON,MASCULINO,82,1,1
2018-0048,1,2018-05-09,2018,5,9,10:30:00,AVENIDA,7,"-58,46","-34,63",PEATON-PASAJEROS,PASAJEROS,PEATON,PEATON,MASCULINO,57,1,1
2018-0049,1,2018-05-11,2018,5,11,19:15:00,CALLE,13,"-58,46","-34,55",PEATON-AUTO,AUTO,PEATON,PEATON,FEMENINO,40,1,1
2018-0050,1,2018-05-14,2018,5,14,18:45:00,AVENIDA,13,"-58,46","-34,56",PEATON-PASAJEROS,PASAJEROS,PEATON,PEATON,FEMENINO,47,1,1
2018-0051,1,2018-05-15,2018,5,15,21:15:00,CALLE,4,"-58,36","-34,64",PEATON-AUTO,AUTO,PEATON,PEATON,FEMENINO,57,1,1
2018-0052,1,2018-05-18,2018,5,18,20:30:00,AVENIDA,15,"-58,50","-34,59",PEATON-PASAJEROS,PASAJEROS,PEATON,PEATON,MASCULINO,78,1,1
2018-0053,1,2018-05-20,2018,5,20,02:30:00,CALLE,3,"-58,41","-34,60",MOTO-AUTO,AUTO,CONDUCTOR,MOTO,MASCULINO,43,1,1
2018-0054,1,2018-05-22,2018,5,22,11:15:00,CALLE,12,"-58,48","-34,57",PEATON-BICICLETA,BICICLETA,PEATON,PEATON,FEMENINO,86,1,1
2018-0055,1,2018-05-29,2018,5,29,07:30:00,AVENIDA,3,"-58,40","-34,62",MOTO-AUTO,AUTO,CONDUCTOR,MOTO,MASCULINO,21,1,1
2018-0056,1,2018-06-02,2018,6,2,13:00:00,AVENIDA,9,"-58,52","-34,64",PEATON-PASAJEROS,PASAJEROS,PEATON,PEATON,FEMENINO,69,1,1
2018-0057,1,2018-06-03,2018,6,3,03:30:00,CALLE,3,"-58,39","-34,62",MOTO-PASAJEROS,PASAJEROS,CONDUCTOR,MOTO,MASCULINO,33,1,1
2018-0058,1,2018-06-03,2018,6,3,06:30:00,AVENIDA,15,"-58,44","-34,59",MOTO-AUTO,AUTO,CONDUCTOR,MOTO,MASCULINO,26,1,1
2018-0059,1,2018-06-08,2018,6,8,06:20:00,AVENIDA,5,"-58,41","-34,63",MOTO-MOVIL,OTRO,CONDUCTOR,MOTO,MASCULINO,54,1,1
2018-0060,1,2018-06-08,2018,6,8,12:50:00,AVENIDA,1,"-58,37","-34,60",PEATON-PASAJEROS,PASAJEROS,PEATON,PEATON,MASCULINO,51,1,1
2018-0061,1,2018-06-10,2018,6,10,11:15:00,CALLE,3,"-58,40","-34,62",MOTO-MOTO,MOTO,CONDUCTOR,MOTO,MASCULINO,51,1,1
2018-0062,1,2018-06-14,2018,6,14,01:00:00,CALLE,6,"-58,44","-34,62",PEATON-CARGAS,CARGAS,PEATON,PEATON,MASCULINO,32,1,1
2018-0063,1,2018-06-16,2018,6,16,21:15:00,AVENIDA,1,"-58,37","-34,60",PEATON-PASAJEROS,PASAJEROS,PEATON,PEATON,FEMENINO,28,1,1
2018-0064,1,2018-06-25,2018,6,25,01:15:00,AVENIDA,7,"-58,46","-34,64",AUTO-CARGAS,CARGAS,CONDUCTOR,AUTO,MASCULINO,30,1,1
2018-0065,1,2018-06-26,2018,6,26,17:30:00,CALLE,1,"-58,38","-34,59",MOTO-CARGAS,CARGAS,CONDUCTOR,MOTO,MASCULINO,35,1,1
2018-0066,1,2018-06-28,2018,6,28,11:00:00,AVENIDA,15,"-58,46","-34,59",PEATON-PASAJEROS,PASAJEROS,PEATON,PEATON,MASCULINO,73,1,1
2018-0067,1,2018-06-29,2018,6,29,16:15:00,AVENIDA,4,"-58,38","-34,63",PASAJEROS-AUTO,AUTO,PASAJERO,PASAJEROS,FEMENINO,81,1,1
2018-0068,1,2018-07-01,2018,7,1,09:00:00,AVENIDA,7,"-58,46","-34,63",MOTO-AUTO,AUTO,CONDUCTOR,MOTO,MASCULINO,21,1,2
2018-0069,1,2018-07-04,2018,7,4,21:45:00,AVENIDA,2,"-58,40","-34,60",BICICLETA-PASAJEROS,PASAJEROS,CICLISTA,BICICLETA,MASCULINO,20,1,2
2018-0070,1,2018-07-07,2018,7,7,15:45:00,CALLE,3,"-58,41","-34,62",MOTO-PASAJEROS,PASAJEROS,CONDUCTOR,MOTO,MASCULINO,33,1,2
2018-0071,1,2018-07-10,2018,7,10,17:50:00,AVENIDA,1,"-58,37","-34,61",MOTO-CARGAS,CARGAS,CONDUCTOR,MOTO,MASCULINO,0,1,2
2018-0072,1,2018-07-11,2018,7,11,13:15:00,AUTOPISTA,8,"-58,48","-34,68",MOTO-CARGAS,CARGAS,CONDUCTOR,MOTO,MASCULINO,27,1,2
2018-0073,1,2018-07-11,2018,7,11,15:45:00,AVENIDA,4,"-58,40","-34,65",PEATON-CARGAS,CARGAS,PEATON,PEATON,FEMENINO,67,1,2
2018-0074,1,2018-07-14,2018,7,14,06:04:00,AVENIDA,7,"-58,47","-34,63",AUTO-CARGAS,CARGAS,CONDUCTOR,AUTO,MASCULINO,25,1,2
2018-0075,1,2018-07-15,2018,7,15,07:30:00,AVENIDA,14,"-58,40","-34,58",PEATON-AUTO,AUTO,PEATON,PEATON,MASCULINO,23,1,2
2018-0076,1,2018-07-16,2018,7,16,09:30:00,CALLE,9,"-58,53","-34,65",AUTO-CARGAS,CARGAS,CONDUCTOR,AUTO,MASCULINO,73,1,2
2018-0077,1,2018-07-16,2018,7,16,23:15:00,CALLE,3,"-58,41","-34,62",AUTO-CARGAS,CARGAS,CONDUCTOR,AUTO,MASCULINO,58,1,2
2018-0078,1,2018-07-21,2018,7,21,06:15:00,CALLE,2,"-58,41","-34,59",PEATON-AUTO,AUTO,PEATON,PEATON,MASCULINO,27,1,2
2018-0079,1,2018-07-23,2018,7,23,07:15:00,AUTOPISTA,9,"-58,51","-34,67",PEATON-CARGAS,CARGAS,PEATON,PEATON,MASCULINO,0,1,2
2018-0080,1,2018-07-25,2018,7,25,22:22:00,AVENIDA,9,"-58,51","-34,66",PEATON-AUTO,AUTO,PEATON,PEATON,MASCULINO,26,1,2
2018-0081,1,2018-07-29,2018,7,29,06:30:00,AVENIDA,7,"-58,45","-34,65",MULTIPLE,MULTIPLE,PEATON,PEATON,MASCULINO,35,1,2
2018-0082,1,2018-08-01,2018,8,1,15:53:00,AVENIDA,9,"-58,49","-34,66",MOTO-CARGAS,CARGAS,CONDUCTOR,MOTO,FEMENINO,17,1,2
2018-0083,1,2018-08-02,2018,8,2,05:20:00,AUTOPISTA,8,"-58,48","-34,69",MOTO-CARGAS,CARGAS,CONDUCTOR,MOTO,MASCULINO,0,1,2
2018-0084,1,2018-08-03,2018,8,3,07:25:00,AVENIDA,1,"-58,37","-34,62",PEATON-CARGAS,CARGAS,PEATON,PEATON,MASCULINO,45,1,2
2018-0085,2,2018-08-03,2018,8,3,18:16:00,AVENIDA,3,"-58,39","-34,63",MOTO-PASAJEROS,PASAJEROS,PASAJERO,MOTO,FEMENINO,22,1,2
2018-0085,2,2018-08-03,2018,8,3,18:16:00,AVENIDA,3,"-58,39","-34,63",MOTO-PASAJEROS,PASAJEROS,CONDUCTOR,MOTO,MASCULINO,30,1,2
2018-0086,1,2018-08-10,2018,8,10,21:44:00,AVENIDA,9,"-58,49","-34,65",PEATON-PASAJEROS,PASAJEROS,PEATON,PEATON,MASCULINO,40,1,2
2018-0087,1,2018-08-15,2018,8,15,19:20:00,AVENIDA,5,"-58,42","-34,63",PEATON-PASAJEROS,PASAJEROS,PEATON,PEATON,MASCULINO,75,1,2
2018-0088,1,2018-08-17,2018,8,17,16:36:00,AUTOPISTA,12,"-58,50","-34,55",MOTO-CARGAS,CARGAS,CONDUCTOR,MOTO,MASCULINO,0,1,2
2018-0089,1,2018-08-17,2018,8,17,17:56:00,AVENIDA,4,"-58,40","-34,63",PEATON-PASAJEROS,PASAJEROS,PEATON,PEATON,MASCULINO,80,1,2
2018-0090,1,2018-08-18,2018,8,18,10:34:00,AVENIDA,8,"-58,43","-34,67",MOTO-AUTO,AUTO,CONDUCTOR,MOTO,MASCULINO,27,1,2
2018-0091,1,2018-08-19,2018,8,19,18:47:00,AUTOPISTA,9,"-58,52","-34,64",AUTO-AUTO,AUTO,PASAJERO,AUTO,FEMENINO,23,1,2
2018-0092,1,2018-08-20,2018,8,20,08:20:00,AVENIDA,14,"-58,42","-34,60",MOTO-AUTO,AUTO,CONDUCTOR,MOTO,MASCULINO,23,1,2
2018-0093,1,2018-08-20,2018,8,20,08:41:00,CALLE,1,"-58,39","-34,63",PEATON-PASAJEROS,PASAJEROS,PEATON,PEATON,MASCULINO,24,1,2
2018-0094,1,2018-08-23,2018,8,23,05:35:00,CALLE,14,"-58,41","-34,59",MOTO-PASAJEROS,PASAJEROS,CONDUCTOR,MOTO,MASCULINO,32,1,2
2018-0095,1,2018-08-26,2018,8,26,00:59:00,AVENIDA,9,"-58,47","-34,65",AUTO-AUTO,AUTO,PASAJERO,AUTO,FEMENINO,49,1,2
2018-0096,1,2018-08-31,2018,8,31,22:20:00,AUTOPISTA,8,"-58,44","-34,67",PEATON-AUTO,AUTO,PEATON,PEATON,MASCULINO,39,1,2
2018-0097,1,2018-09-02,2018,9,2,10:50:00,AVENIDA,8,"-58,43","-34,66",AUTO-MOVIL,OTRO,CONDUCTOR,AUTO,FEMENINO,35,1,2
2018-0098,2,2018-09-09,2018,9,9,05:00:00,AUTOPISTA,8,"-58,47","-34,70",AUTO-AUTO,AUTO,CONDUCTOR,AUTO,MASCULINO,55,1,2
2018-0098,2,2018-09-09,2018,9,9,05:00:00,AUTOPISTA,8,"-58,47","-34,70",AUTO-AUTO,AUTO,PASAJERO,AUTO,MASCULINO,54,1,2
2018-0099,1,2018-09-12,2018,9,12,14:25:00,AVENIDA,7,"-58,46","-34,63",PEATON-PASAJEROS,PASAJEROS,PEATON,PEATON,MASCULINO,18,1,2
2018-0100,1,2018-09-20,2018,9,20,10:30:00,AVENIDA,1,"-58,36","-34,62",MOTO-AUTO,AUTO,DESCONOCIDO,MOTO,FEMENINO,33,1,2
2018-0101,1,2018-09-21,2018,9,21,00:15:00,AUTOPISTA,12,"-58,48","-34,54",MULTIPLE,MULTIPLE,CONDUCTOR,AUTO,MASCULINO,0,1,2
2018-0102,1,2018-09-21,2018,9,21,00:30:00,CALLE,4,"-58,41","-34,65",MOTO-AUTO,AUTO,CONDUCTOR,MOTO,MASCULINO,20,1,2
2018-0103,1,2018-09-27,2018,9,27,17:51:00,AVENIDA,7,"-58,45","-34,64",PEATON-MOTO,MOTO,PEATON,PEATON,MASCULINO,1,1,2
2018-0104,1,2018-10-01,2018,10,1,08:58:00,AUTOPISTA,4,"-58,38","-34,64",MOTO-MOTO,MOTO,CONDUCTOR,MOTO,MASCULINO,22,1,2
2018-0105,1,2018-10-03,2018,10,3,18:12:00,AVENIDA,7,"-58,47","-34,63",PEATON-PASAJEROS,PASAJEROS,PEATON,PEATON,FEMENINO,56,1,2
2018-0106,1,2018-10-04,2018,10,4,22:02:00,AVENIDA,13,"-58,44","-34,55",MOTO-MOTO,MOTO,CONDUCTOR,MOTO,MASCULINO,27,1,2
2018-0107,1,2018-10-06,2018,10,6,14:20:00,AVENIDA,3,"-58,41","-34,61",PEATON-PASAJEROS,PASAJEROS,PEATON,PEATON,FEMENINO,62,1,2
2018-0108,1,2018-10-09,2018,10,9,14:00:00,AVENIDA,1,"-58,36","-34,60",MOTO-AUTO,AUTO,CONDUCTOR,MOTO,MASCULINO,37,1,2
2018-0109,1,2018-10-10,2018,10,10,22:12:00,AVENIDA,1,"-58,37","-34,60",PEATON-PASAJEROS,PASAJEROS,PEATON,PEATON,MASCULINO,34,1,2
2018-0110,1,2018-10-13,2018,10,13,03:05:00,AVENIDA,15,"-58,43","-34,60",PEATON-MOTO,MOTO,PEATON,PEATON,MASCULINO,60,1,2
2018-0111,1,2018-10-19,2018,10,19,12:13:00,AUTOPISTA,9,"-58,47","-34,65",MOTO-CARGAS,CARGAS,CONDUCTOR,MOTO,MASCULINO,28,1,2
2018-0112,1,2018-10-24,2018,10,24,09:18:00,CALLE,15,"-58,45","-34,60",MOTO-CARGAS,CARGAS,CONDUCTOR,MOTO,FEMENINO,28,1,2
2018-0113,1,2018-10-25,2018,10,25,11:00:00,CALLE,11,"-58,47","-34,61",MOTO-CARGAS,CARGAS,CONDUCTOR,MOTO,MASCULINO,20,1,2
2018-0114,1,2018-10-30,2018,10,30,02:15:00,AVENIDA,1,"-58,39","-34,62",MOTO-AUTO,AUTO,CONDUCTOR,MOTO,MASCULINO,23,1,2
2018-0115,1,2018-10-31,2018,10,31,12:30:00,CALLE,9,"-58,53","-34,64",PEATON-PASAJEROS,PASAJEROS,PEATON,PEATON,MASCULINO,42,1,2
2018-0116,1,2018-11-01,2018,11,1,10:50:00,AUTOPISTA,8,"-58,49","-34,68",PEATON-CARGAS,CARGAS,PEATON,PEATON,MASCULINO,48,1,2
2018-0117,1,2018-11-04,2018,11,4,08:15:00,AVENIDA,9,"-58,48","-34,66",MOTO-MOTO,MOTO,CONDUCTOR,MOTO,MASCULINO,30,1,2
2018-0118,1,2018-11-05,2018,11,5,14:49:00,AVENIDA,3,"-58,41","-34,61",PEATON-MOTO,MOTO,PEATON,PEATON,FEMENINO,80,1,2
2018-0119,1,2018-11-05,2018,11,5,22:35:00,AVENIDA,8,"-58,44","-34,66",PEATON-SD,DESCONOCIDO,PEATON,PEATON,FEMENINO,32,1,2
2018-0120,1,2018-11-09,2018,11,9,13:34:00,AVENIDA,12,"-58,48","-34,57",PEATON-AUTO,AUTO,PEATON,PEATON,FEMENINO,51,1,2
2018-0121,1,2018-11-09,2018,11,9,16:32:00,AVENIDA,10,"-58,50","-34,64",PEATON-PASAJEROS,PASAJEROS,PEATON,PEATON,FEMENINO,72,1,2
2018-0122,1,2018-11-12,2018,11,12,01:00:00,AUTOPISTA,8,"-58,48","-34,67",AUTO-AUTO,AUTO,CONDUCTOR,AUTO,MASCULINO,33,1,2
2018-0123,1,2018-11-12,2018,11,12,03:32:00,AUTOPISTA,9,"-58,50","-34,67",AUTO-SD,DESCONOCIDO,CONDUCTOR,AUTO,MASCULINO,25,1,2
2018-0124,1,2018-11-15,2018,11,15,19:40:00,AUTOPISTA,9,"-58,52","-34,64",CARGAS-CARGAS,CARGAS,CONDUCTOR,CARGAS,MASCULINO,44,1,2
2018-0125,1,2018-11-16,2018,11,16,21:12:00,AVENIDA,4,"-58,42","-34,65",PEATON-PASAJEROS,PASAJEROS,PEATON,PEATON,MASCULINO,29,1,2
2018-0126,1,2018-11-18,2018,11,18,12:11:00,AUTOPISTA,9,"-58,53","-34,64",MOTO-AUTO,AUTO,CONDUCTOR,MOTO,MASCULINO,27,1,2
2018-0127,1,2018-11-19,2018,11,19,09:14:00,AUTOPISTA,12,"-58,51","-34,57",MOTO-MOTO,MOTO,CONDUCTOR,MOTO,MASCULINO,29,1,2
2018-0128,2,2018-11-25,2018,11,25,04:30:00,AUTOPISTA,9,"-58,53","-34,65",AUTO-PASAJEROS,PASAJEROS,PASAJERO,AUTO,MASCULINO,49,1,2
2018-0128,2,2018-11-25,2018,11,25,04:30:00,AUTOPISTA,9,"-58,53","-34,65",AUTO-PASAJEROS,PASAJEROS,PASAJERO,AUTO,FEMENINO,39,1,2
2018-0129,1,2018-11-28,2018,11,28,04:01:00,AVENIDA,15,"-58,45","-34,59",MOTO-PASAJEROS,PASAJEROS,CONDUCTOR,MOTO,MASCULINO,37,1,2
2018-0130,1,2018-12-03,2018,12,3,03:00:00,AVENIDA,10,"-58,49","-34,63",MOTO-PASAJEROS,PASAJEROS,CONDUCTOR,MOTO,MASCULINO,0,1,2
2018-0131,1,2018-12-07,2018,12,7,19:10:00,AVENIDA,1,"-58,37","-34,60",MOTO-CARGAS,CARGAS,CONDUCTOR,MOTO,MASCULINO,29,1,2
2018-0132,1,2018-12-12,2018,12,12,08:26:00,AUTOPISTA,2,"-58,39","-34,57",PEATON-CARGAS,CARGAS,PEATON,PEATON,MASCULINO,70,1,2
2018-0133,1,2018-12-12,2018,12,12,14:07:00,AVENIDA,7,"-58,47","-34,63",PEATON-CARGAS,CARGAS,PEATON,PEATON,FEMENINO,60,1,2
2018-0134,1,2018-12-12,2018,12,12,21:00:00,AVENIDA,7,"-58,42","-34,64",PEATON-MOTO,MOTO,PEATON,PEATON,MASCULINO,56,1,2
2018-0135,1,2018-12-18,2018,12,18,14:40:00,AVENIDA,1,"-58,37","-34,61",PEATON-PASAJEROS,PASAJEROS,PEATON,PEATON,MASCULINO,80,1,2
2018-0136,1,2018-12-18,2018,12,18,15:42:00,AVENIDA,7,"-58,46","-34,63",PEATON-PASAJEROS,PASAJEROS,PEATON,PEATON,FEMENINO,70,1,2
2018-0137,1,2018-12-18,2018,12,18,20:15:00,CALLE,1,"-58,38","-34,61",MOTO-PASAJEROS,PASAJEROS,PASAJERO,MOTO,MASCULINO,29,1,2
2018-0138,1,2018-12-21,2018,12,21,09:30:00,CALLE,10,"-58,51","-34,62",PASAJEROS-PASAJEROS,PASAJEROS,PASAJERO,PASAJEROS,FEMENINO,79,1,2
2018-0139,1,2018-12-22,2018,12,22,06:30:00,CALLE,7,"-58,45","-34,64",MOTO-MOTO,MOTO,PASAJERO,MOTO,MASCULINO,28,1,2
2018-0140,1,2018-12-22,2018,12,22,08:05:00,CALLE,1,"-58,36","-34,61",AUTO-AUTO,AUTO,CONDUCTOR,AUTO,MASCULINO,78,1,2
2018-0141,1,2018-12-22,2018,12,22,17:40:00,AVENIDA,5,"-58,42","-34,62",PEATON-MOTO,MOTO,PEATON,PEATON,MASCULINO,75,1,2
2018-0142,1,2018-12-25,2018,12,25,13:30:00,AUTOPISTA,12,"-58,51","-34,57",CARGAS-PASAJEROS,PASAJEROS,PASAJERO,CARGAS,MASCULINO,32,1,2
2018-0143,1,2018-12-29,2018,12,29,05:25:00,AVENIDA,10,"-58,49","-34,64",MOTO-AUTO,AUTO,CONDUCTOR,MOTO,MASCULINO,22,1,2
2019-0001,1,2019-01-08,2019,1,8,08:30:00,AVENIDA,2,"-58,39","-34,58",MOTO-CARGAS,CARGAS,CONDUCTOR,MOTO,MASCULINO,25,1,1
2019-0002,1,2019-01-09,2019,1,9,04:00:00,AVENIDA,7,"-58,45","-34,65",AUTO-CARGAS,CARGAS,CONDUCTOR,AUTO,MASCULINO,32,1,1
2019-0003,1,2019-01-12,2019,1,12,08:00:00,AVENIDA,15,"-58,49","-34,60",MOTO-AUTO,AUTO,CONDUCTOR,MOTO,MASCULINO,23,1,1
2019-0004,1,2019-01-14,2019,1,14,19:58:00,AVENIDA,9,"-58,47","-34,65",AUTO-PASAJEROS,PASAJEROS,CONDUCTOR,AUTO,MASCULINO,71,1,1
2019-0005,1,2019-01-19,2019,1,19,12:00:00,AVENIDA,10,"-58,52","-34,63",MOTO-CARGAS,CARGAS,CONDUCTOR,MOTO,MASCULINO,43,1,1
2019-0006,1,2019-01-23,2019,1,23,05:45:00,AVENIDA,14,"-58,42","-34,56",PEATON-AUTO,AUTO,PEATON,PEATON,FEMENINO,12,1,1
2019-0007,1,2019-01-26,2019,1,26,19:34:00,CALLE,5,"-58,43","-34,61",MOTO-AUTO,AUTO,CONDUCTOR,MOTO,MASCULINO,35,1,1
2019-0008,1,2019-01-30,2019,1,30,22:45:00,AUTOPISTA,8,"-58,48","-34,69",MULTIPLE,MULTIPLE,CONDUCTOR,MOTO,MASCULINO,42,1,1
2019-0009,1,2019-01-31,2019,1,31,14:55:00,AVENIDA,1,"-58,38","-34,62",MOTO-AUTO,AUTO,CONDUCTOR,MOTO,MASCULINO,34,1,1
2019-0010,2,2019-02-02,2019,2,2,07:50:00,AVENIDA,14,"-58,43","-34,57",PEATON-AUTO,AUTO,PEATON,PEATON,MASCULINO,0,1,1
2019-0010,2,2019-02-02,2019,2,2,07:50:00,AVENIDA,14,"-58,43","-34,57",PEATON-AUTO,AUTO,PEATON,PEATON,MASCULINO,59,1,1
2019-0011,1,2019-02-10,2019,2,10,01:00:00,AUTOPISTA,9,"-58,52","-34,66",PEATON-AUTO,AUTO,PEATON,PEATON,MASCULINO,0,1,1
2019-0012,1,2019-02-17,2019,2,17,03:16:00,AVENIDA,8,"-58,48","-34,68",MOTO-AUTO,AUTO,CONDUCTOR,MOTO,MASCULINO,31,1,1
2019-0013,1,2019-02-20,2019,2,20,07:30:00,CALLE,7,"-58,43","-34,64",PEATON-AUTO,AUTO,PEATON,PEATON,MASCULINO,39,1,1
2019-0014,1,2019-02-20,2019,2,20,17:30:00,CALLE,11,"-58,52","-34,59",MOTO-OBJETO FIJO,OBJETO FIJO,CONDUCTOR,MOTO,MASCULINO,69,1,1
2019-0015,1,2019-02-23,2019,2,23,06:57:00,AVENIDA,11,"-58,50","-34,60",AUTO-OBJETO FIJO,OBJETO FIJO,CONDUCTOR,AUTO,MASCULINO,21,1,1
2019-0016,1,2019-02-24,2019,2,24,02:00:00,CALLE,4,"-58,38","-34,63",MOTO-PASAJEROS,PASAJEROS,CONDUCTOR,MOTO,MASCULINO,40,1,1
2019-0017,1,2019-03-03,2019,3,3,07:00:00,CALLE,3,"-58,40","-34,62",AUTO-PASAJEROS,PASAJEROS,CONDUCTOR,AUTO,MASCULINO,22,1,1
2019-0018,1,2019-03-03,2019,3,3,23:30:00,AUTOPISTA,13,"-58,45","-34,54",PEATON-AUTO,AUTO,PEATON,PEATON,FEMENINO,29,1,1
2019-0019,1,2019-03-06,2019,3,6,12:00:00,AVENIDA,13,"-58,45","-34,55",MOTO-AUTO,AUTO,CONDUCTOR,MOTO,MASCULINO,0,1,1
2019-0020,1,2019-03-07,2019,3,7,21:01:00,AVENIDA,5,"-58,41","-34,64",MOTO-AUTO,AUTO,CONDUCTOR,MOTO,MASCULINO,43,1,1
2019-0021,1,2019-03-15,2019,3,15,22:50:00,AVENIDA,7,"-58,46","-34,63",MOTO-AUTO,AUTO,CONDUCTOR,MOTO,MASCULINO,23,1,1
2019-0022,1,2019-03-15,2019,3,15,1900-01-02 00:00:00,AVENIDA,1,"-58,39","-34,62",AUTO-SD,DESCONOCIDO,PASAJERO,AUTO,MASCULINO,0,1,1
2019-0023,1,2019-03-16,2019,3,16,08:28:00,AUTOPISTA,9,"-58,53","-34,64",AUTO-OBJETO FIJO,OBJETO FIJO,CONDUCTOR,AUTO,MASCULINO,34,1,1
2019-0024,1,2019-03-19,2019,3,19,1900-01-14 07:12:00,AVENIDA,1,"-58,37","-34,59",MOTO-CARGAS,CARGAS,CONDUCTOR,MOTO,MASCULINO,32,1,1
2019-0025,1,2019-03-22,2019,3,22,13:10:00,CALLE,5,"-58,41","-34,61",PEATON-AUTO,AUTO,PEATON,PEATON,MASCULINO,27,1,1
2019-0026,1,2019-03-28,2019,3,28,07:32:00,AVENIDA,8,"-58,48","-34,69",PEATON-PASAJEROS,PASAJEROS,PEATON,PEATON,MASCULINO,0,1,1
2019-0027,1,2019-03-28,2019,3,28,11:11:00,AVENIDA,2,"-58,40","-34,60",MULTIPLE,MULTIPLE,CICLISTA,BICICLETA,MASCULINO,37,1,1
2019-0028,1,2019-04-06,2019,4,6,09:15:00,AVENIDA,11,"-58,46","-34,61",PEATON-PASAJEROS,PASAJEROS,PEATON,PEATON,FEMENINO,0,1,1
2019-0029,1,2019-04-07,2019,4,7,10:15:00,AVENIDA,8,"-58,48","-34,69",MOTO-OBJETO FIJO,OBJETO FIJO,CONDUCTOR,MOTO,MASCULINO,27,1,1
2019-0030,1,2019-04-09,2019,4,9,16:00:00,CALLE,7,"-58,45","-34,62",MOTO-CARGAS,CARGAS,CONDUCTOR,MOTO,MASCULINO,25,1,1
2019-0031,1,2019-04-12,2019,4,12,19:55:00,AVENIDA,1,"-58,37","-34,60",BICICLETA-CARGAS,CARGAS,CICLISTA,BICICLETA,MASCULINO,20,1,1
2019-0032,1,2019-04-16,2019,4,16,11:00:00,AVENIDA,11,"-58,46","-34,60",PEATON-AUTO,AUTO,PEATON,PEATON,FEMENINO,83,1,1
2019-0033,1,2019-04-18,2019,4,18,01:00:00,AUTOPISTA,1,"-58,37","-34,62",MOTO-SD,DESCONOCIDO,CONDUCTOR,MOTO,MASCULINO,25,1,1
2019-0034,1,2019-04-21,2019,4,21,09:08:00,AVENIDA,7,"-58,46","-34,65",MOTO-OBJETO FIJO,OBJETO FIJO,CONDUCTOR,MOTO,MASCULINO,0,1,1
2019-0035,1,2019-04-23,2019,4,23,14:10:00,CALLE,1,"-58,38","-34,60",PEATON-BICICLETA,BICICLETA,PEATON,PEATON,FEMENINO,75,1,1
2019-0036,1,2019-04-26,2019,4,26,22:46:00,CALLE,6,"-58,44","-34,62",MOTO-AUTO,AUTO,CONDUCTOR,MOTO,MASCULINO,34,1,1
2019-0037,1,2019-05-01,2019,5,1,23:10:00,AVENIDA,3,"-58,41","-34,62",MOTO-AUTO,AUTO,CONDUCTOR,MOTO,MASCULINO,17,1,1
2019-0038,1,2019-05-04,2019,5,4,14:10:00,AVENIDA,13,"-58,45","-34,55",PEATON-MOTO,MOTO,PEATON,PEATON,FEMENINO,42,1,1
2019-0039,1,2019-05-09,2019,5,9,03:05:00,AVENIDA,7,"-58,47","-34,64",MOTO-AUTO,AUTO,CONDUCTOR,MOTO,MASCULINO,28,1,1
2019-0040,1,2019-05-09,2019,5,9,12:45:00,CALLE,7,"-58,44","-34,64",MOTO-SD,DESCONOCIDO,CONDUCTOR,MOTO,MASCULINO,44,1,1
2019-0041,1,2019-05-11,2019,5,11,20:30:00,AVENIDA,9,"-58,51","-34,66",MULTIPLE,MULTIPLE,PASAJERO,AUTO,FEMENINO,78,1,1
2019-0042,1,2019-05-14,2019,5,14,15:00:00,CALLE,1,"-58,38","-34,62",PEATON-PASAJEROS,PASAJEROS,PEATON,PEATON,MASCULINO,39,1,1
2019-0043,1,2019-05-21,2019,5,21,09:00:00,AVENIDA,1,"-58,37","-34,60",BICICLETA-CARGAS,CARGAS,CICLISTA,BICICLETA,FEMENINO,0,1,1
2019-0044,1,2019-05-27,2019,5,27,12:45:00,AVENIDA,5,"-58,42","-34,62",PEATON-MOTO,MOTO,PEATON,PEATON,FEMENINO,77,1,1
2019-0045,1,2019-06-03,2019,6,3,07:27:00,AVENIDA,14,"-58,41","-34,58",MOTO-CARGAS,CARGAS,CONDUCTOR,MOTO,MASCULINO,33,1,1
2019-0046,1,2019-06-04,2019,6,4,09:00:00,AUTOPISTA,13,"-58,48","-34,54",MOTO-AUTO,AUTO,PASAJERO,MOTO,FEMENINO,26,1,1
2019-0047,1,2019-06-06,2019,6,6,10:00:00,AVENIDA,4,"-58,39","-34,63",PEATON-CARGAS,CARGAS,PEATON,PEATON,MASCULINO,76,1,1
2019-0048,1,2019-06-07,2019,6,7,07:00:00,AVENIDA,6,"-58,45","-34,62",MOTO-CARGAS,CARGAS,CONDUCTOR,MOTO,MASCULINO,32,1,1
2019-0049,1,2019-06-08,2019,6,8,09:20:00,CALLE,13,"-58,46","-34,56",PEATON-CARGAS,CARGAS,PEATON,PEATON,FEMENINO,72,1,1
2019-0050,1,2019-06-08,2019,6,8,23:35:00,AVENIDA,14,"-58,42","-34,59",MOTO-CARGAS,CARGAS,CONDUCTOR,MOTO,MASCULINO,21,1,1
2019-0051,1,2019-06-11,2019,6,11,10:00:00,CALLE,4,"-58,36","-34,64",MOTO-AUTO,AUTO,CONDUCTOR,MOTO,MASCULINO,41,1,1
2019-0053,1,2019-06-14,2019,6,14,17:20:00,AVENIDA,8,"-58,46","-34,66",AUTO-AUTO,AUTO,PASAJERO,AUTO,MASCULINO,49,1,1
2019-0054,1,2019-06-20,2019,6,20,03:00:00,CALLE,15,"-58,48","-34,58",MOTO-OBJETO FIJO,OBJETO FIJO,CONDUCTOR,MOTO,MASCULINO,21,1,1
2019-0055,1,2019-06-20,2019,6,20,19:45:00,AVENIDA,1,"-58,37","-34,60",MOTO-PASAJEROS,PASAJEROS,CONDUCTOR,MOTO,MASCULINO,47,1,1
2019-0056,1,2019-06-29,2019,6,29,17:16:00,AVENIDA,7,"-58,46","-34,62",PEATON-AUTO,AUTO,PEATON,PEATON,FEMENINO,75,1,1
2019-0057,1,2019-07-05,2019,7,5,19:00:00,CALLE,13,"-58,44","-34,56",PEATON-AUTO,AUTO,PEATON,PEATON,FEMENINO,63,1,2
2019-0058,1,2019-07-10,2019,7,10,09:20:00,AUTOPISTA,10,"-58,51","-34,64",MOTO-PASAJEROS,PASAJEROS,CONDUCTOR,MOTO,MASCULINO,39,1,2
2019-0059,1,2019-07-13,2019,7,13,22:35:00,CALLE,1,"-58,38","-34,63",MOTO-PASAJEROS,PASAJEROS,CONDUCTOR,MOTO,MASCULINO,30,1,2
2019-0060,1,2019-07-17,2019,7,17,11:20:00,AVENIDA,10,"-58,48","-34,64",PEATON-AUTO,AUTO,PEATON,PEATON,FEMENINO,78,1,2
2019-0061,1,2019-07-17,2019,7,17,18:40:00,CALLE,13,"-58,45","-34,56",PEATON-PASAJEROS,PASAJEROS,PEATON,PEATON,FEMENINO,58,1,2
2019-0062,1,2019-08-01,2019,8,1,23:00:00,AVENIDA,13,"-58,44","-34,56",PEATON-PASAJEROS,PASAJEROS,PEATON,PEATON,FEMENINO,60,1,2
2019-0063,1,2019-08-04,2019,8,4,01:30:00,AVENIDA,15,"-58,45","-34,59",MOTO-PASAJEROS,PASAJEROS,PASAJERO,MOTO,MASCULINO,0,1,2
2019-0064,1,2019-08-06,2019,8,6,03:15:00,AVENIDA,7,"-58,46","-34,62",MOTO-AUTO,AUTO,CONDUCTOR,MOTO,MASCULINO,20,1,2
2019-0065,1,2019-08-08,2019,8,8,16:45:00,CALLE,4,"-58,42","-34,65",PEATON-PASAJEROS,PASAJEROS,PEATON,PEATON,FEMENINO,55,1,2
2019-0066,1,2019-08-11,2019,8,11,21:15:00,AVENIDA,7,"-58,44","-34,65",PEATON-AUTO,AUTO,PEATON,PEATON,MASCULINO,40,1,2
2019-0067,1,2019-08-14,2019,8,14,15:00:00,CALLE,10,"-58,49","-34,64",MOTO-CARGAS,CARGAS,CONDUCTOR,MOTO,MASCULINO,35,1,2
2019-0068,1,2019-08-14,2019,8,14,17:40:00,AVENIDA,8,"-58,42","-34,66",MOTO-MOTO,MOTO,CONDUCTOR,MOTO,MASCULINO,53,1,2
2019-0069,1,2019-08-17,2019,8,17,05:25:00,AVENIDA,4,"-58,40","-34,63",MOTO-AUTO,AUTO,CONDUCTOR,MOTO,MASCULINO,43,1,2
2019-0070,1,2019-08-22,2019,8,22,12:30:00,AVENIDA,14,"-58,43","-34,59",MOTO-BICICLETA,BICICLETA,CONDUCTOR,MOTO,MASCULINO,25,1,2
2019-0071,1,2019-08-27,2019,8,27,11:30:00,AVENIDA,9,"-58,48","-34,66",PEATON-CARGAS,CARGAS,PEATON,PEATON,MASCULINO,0,1,2
2019-0072,1,2019-08-28,2019,8,28,06:20:00,AVENIDA,10,"-58,47","-34,64",AUTO-AUTO,AUTO,CONDUCTOR,AUTO,MASCULINO,22,1,2
2019-0073,1,2019-08-29,2019,8,29,01:50:00,AVENIDA,15,"-58,47","-34,58",AUTO-OBJETO FIJO,OBJETO FIJO,CONDUCTOR,AUTO,MASCULINO,29,1,2
2019-0074,1,2019-08-29,2019,8,29,09:00:00,AUTOPISTA,13,"-58,47","-34,53",MOTO-CARGAS,CARGAS,CONDUCTOR,MOTO,MASCULINO,35,1,2
2019-0075,1,2019-08-30,2019,8,30,23:20:00,CALLE,4,"-58,38","-34,66",MOTO-PASAJEROS,PASAJEROS,CONDUCTOR,MOTO,MASCULINO,31,1,2
2019-0076,1,2019-09-05,2019,9,5,18:00:00,AUTOPISTA,4,"-58,37","-34,65",MOTO-CARGAS,CARGAS,CONDUCTOR,MOTO,FEMENINO,29,1,2
2019-0077,1,2019-09-08,2019,9,8,03:40:00,AVENIDA,14,"-58,40","-34,58",PEATON-AUTO,AUTO,PEATON,PEATON,FEMENINO,28,1,2
2019-0078,1,2019-09-12,2019,9,12,08:25:00,AVENIDA,4,"-58,41","-34,65",PEATON-CARGAS,CARGAS,PEATON,PEATON,FEMENINO,72,1,2
2019-0079,1,2019-09-17,2019,9,17,05:30:00,CALLE,5,"-58,42","-34,62",MOTO-PASAJEROS,PASAJEROS,CONDUCTOR,MOTO,MASCULINO,57,1,2
2019-0080,1,2019-09-17,2019,9,17,1900-01-04 18:40:00,AUTOPISTA,13,"-58,48","-34,54",PEATON-MOTO,MOTO,PEATON,PEATON,MASCULINO,76,1,2
2019-0081,1,2019-09-23,2019,9,23,16:00:00,AVENIDA,15,"-58,46","-34,59",PEATON-PASAJEROS,PASAJEROS,PEATON,PEATON,MASCULINO,67,1,2
2019-0082,1,2019-09-25,2019,9,25,07:45:00,AVENIDA,8,"-58,43","-34,66",BICICLETA-CARGAS,CARGAS,CICLISTA,BICICLETA,MASCULINO,47,1,2
2019-0083,1,2019-09-26,2019,9,26,08:00:00,CALLE,9,"-58,48","-34,66",AUTO-AUTO,AUTO,CONDUCTOR,AUTO,MASCULINO,73,1,2
2019-0084,1,2019-09-27,2019,9,27,11:45:00,CALLE,7,"-58,47","-34,64",BICICLETA-CARGAS,CARGAS,CICLISTA,BICICLETA,FEMENINO,40,1,2
2019-0085,1,2019-10-09,2019,10,9,22:18:00,CALLE,10,"-58,49","-34,63",BICICLETA-TREN,TREN,CICLISTA,BICICLETA,MASCULINO,20,1,2
2019-0086,1,2019-10-15,2019,10,15,14:10:00,AVENIDA,15,"-58,45","-34,59",MOTO-PASAJEROS,PASAJEROS,CONDUCTOR,MOTO,MASCULINO,29,1,2
2019-0087,1,2019-10-21,2019,10,21,21:00:00,AVENIDA,12,"-58,48","-34,57",MOTO-MOTO,MOTO,CONDUCTOR,MOTO,MASCULINO,41,1,2
2019-0088,1,2019-10-22,2019,10,22,20:00:00,AVENIDA,4,"-58,41","-34,65",PEATON-PASAJEROS,PASAJEROS,PEATON,PEATON,MASCULINO,27,1,2
2019-0089,1,2019-10-23,2019,10,23,15:45:00,AVENIDA,4,"-58,36","-34,63",PEATON-CARGAS,CARGAS,PEATON,PEATON,FEMENINO,92,1,2
2019-0090,1,2019-10-24,2019,10,24,18:26:00,AVENIDA,9,"-58,50","-34,65",PEATON-MOTO,MOTO,PEATON,PEATON,MASCULINO,67,1,2
2019-0091,1,2019-11-01,2019,11,1,20:50:00,AVENIDA,15,"-58,45","-34,60",PEATON-PASAJEROS,PASAJEROS,PEATON,PEATON,MASCULINO,35,1,2
2019-0092,1,2019-11-03,2019,11,3,10:30:00,CALLE,4,"-58,36","-34,63",PEATON-PASAJEROS,PASAJEROS,PEATON,PEATON,MASCULINO,37,1,2
2019-0093,1,2019-11-13,2019,11,13,11:50:00,AVENIDA,11,"-58,46","-34,61",BICICLETA-OTRO,OTRO,CICLISTA,BICICLETA,MASCULINO,16,1,2
2019-0094,1,2019-11-18,2019,11,18,14:00:00,CALLE,15,"-58,44","-34,60",MOTO-OTRO,OTRO,PASAJERO,MOTO,FEMENINO,0,1,2
2019-0095,1,2019-11-20,2019,11,20,15:30:00,AUTOPISTA,1,"-58,38","-34,63",MOTO-CARGAS,CARGAS,CONDUCTOR,MOTO,MASCULINO,0,1,2
2019-0096,1,2019-11-22,2019,11,22,19:33:00,AVENIDA,1,"-58,38","-34,63",PEATON-PASAJEROS,PASAJEROS,PEATON,PEATON,MASCULINO,73,1,2
2019-0097,1,2019-11-25,2019,11,25,08:50:00,AUTOPISTA,9,"-58,48","-34,65",MULTIPLE,MULTIPLE,PASAJERO,MOTO,FEMENINO,23,1,2
2019-0098,1,2019-11-25,2019,11,25,14:00:00,AVENIDA,15,"-58,45","-34,59",PASAJEROS-PASAJEROS,PASAJEROS,PASAJERO,PASAJEROS,FEMENINO,61,1,2
2019-0100,1,2019-12-05,2019,12,5,17:30:00,AVENIDA,12,"-58,49","-34,58",MOTO-AUTO,AUTO,CONDUCTOR,MOTO,MASCULINO,38,1,2
2019-0101,1,2019-12-17,2019,12,17,04:20:00,AVENIDA,4,"-58,42","-34,65",MOTO-MOTO,MOTO,CONDUCTOR,MOTO,MASCULINO,25,1,2
2019-0102,1,2019-12-17,2019,12,17,14:30:00,CALLE,9,"-58,52","-34,64",MOTO-AUTO,AUTO,CONDUCTOR,MOTO,MASCULINO,18,1,2
2019-0103,1,2019-12-18,2019,12,18,SD,AUTOPISTA,11,"-58,52","-34,59",MOTO-MOTO,MOTO,CONDUCTOR,MOTO,MASCULINO,24,1,2
2019-0104,1,2019-12-21,2019,12,21,04:25:00,AVENIDA,10,"-58,47","-34,63",MOTO-AUTO,AUTO,PASAJERO,MOTO,FEMENINO,23,1,2
2019-0105,1,2019-05-05,2019,5,5,11:00:00,AVENIDA,10,"-58,51","-34,62",PEATON-AUTO,AUTO,PEATON,PEATON,FEMENINO,82,1,1
2020-0001,1,2020-01-04,2020,1,4,10:40:00,CALLE,15,"-58,44","-34,59",PEATON-AUTO,AUTO,PEATON,PEATON,FEMENINO,87,1,1
2020-0002,1,2020-01-05,2020,1,5,20:00:00,AVENIDA,7,"-58,45","-34,65",MOTO-OBJETO FIJO,OBJETO FIJO,CONDUCTOR,MOTO,MASCULINO,36,1,1
2020-0003,1,2020-01-11,2020,1,11,06:00:00,AVENIDA,3,"-58,39","-34,61",PEATON-AUTO,AUTO,PEATON,PEATON,MASCULINO,44,1,1
2020-0004,1,2020-01-14,2020,1,14,21:40:00,AVENIDA,1,"-58,39","-34,61",PEATON-PASAJEROS,PASAJEROS,PEATON,PEATON,MASCULINO,82,1,1
2020-0005,1,2020-01-14,2020,1,14,06:00:00,AVENIDA,3,"-58,41","-34,62",MOTO-PASAJEROS,PASAJEROS,CONDUCTOR,MOTO,MASCULINO,25,1,1
2020-0006,1,2020-01-20,2020,1,20,12:55:00,AVENIDA,8,"-58,45","-34,65",MOTO-CARGAS,CARGAS,CONDUCTOR,MOTO,MASCULINO,23,1,1
2020-0007,1,2020-01-27,2020,1,27,00:37:00,CALLE,1,"-58,38","-34,62",PEATON-MOTO,MOTO,PEATON,PEATON,MASCULINO,52,1,1
2020-0008,1,2020-01-30,2020,1,30,07:10:00,AVENIDA,2,"-58,41","-34,60",MOTO-CARGAS,CARGAS,CONDUCTOR,MOTO,MASCULINO,49,1,1
2020-0009,1,2020-02-04,2020,2,4,14:50:00,CALLE,5,"-58,42","-34,61",PEATON-AUTO,AUTO,PEATON,PEATON,MASCULINO,48,1,1
2020-0010,1,2020-02-08,2020,2,8,05:45:00,AVENIDA,1,"-58,38","-34,62",MOTO-OBJETO FIJO,OBJETO FIJO,CONDUCTOR,MOTO,MASCULINO,0,1,1
2020-0011,1,2020-02-12,2020,2,12,11:29:00,CALLE,5,"-58,42","-34,62",MOTO-CARGAS,CARGAS,CONDUCTOR,MOTO,MASCULINO,31,1,1
2020-0012,1,2020-02-18,2020,2,18,21:00:00,CALLE,3,"-58,41","-34,62",PEATON-MOTO,MOTO,PEATON,PEATON,FEMENINO,66,1,1
2020-0013,1,2020-02-20,2020,2,20,12:00:00,AVENIDA,15,"-58,48","-34,58",PEATON-MOTO,MOTO,PEATON,PEATON,FEMENINO,58,1,1
2020-0014,1,2020-02-27,2020,2,27,02:14:00,CALLE,11,"-58,51","-34,62",MOTO-PASAJEROS,PASAJEROS,CONDUCTOR,MOTO,MASCULINO,0,1,1
2020-0015,1,2020-02-28,2020,2,28,14:30:00,AVENIDA,1,"-58,37","-34,63",MOTO-PASAJEROS,PASAJEROS,CONDUCTOR,MOTO,MASCULINO,29,1,1
2020-0016,1,2020-02-29,2020,2,29,13:00:00,AVENIDA,1,"-58,37","-34,60",PEATON-PASAJEROS,PASAJEROS,PEATON,PEATON,MASCULINO,68,1,1
2020-0017,1,2020-03-05,2020,3,5,23:00:00,AVENIDA,3,"-58,40","-34,61",PEATON-AUTO,AUTO,PEATON,PEATON,MASCULINO,0,1,1
2020-0018,1,2020-03-09,2020,3,9,14:00:00,AVENIDA,13,"-58,45","-34,54",MOTO-OBJETO FIJO,OBJETO FIJO,CONDUCTOR,MOTO,MASCULINO,31,1,1
2020-0019,1,2020-03-10,2020,3,10,21:00:00,CALLE,5,"-58,42","-34,63",PEATON-AUTO,AUTO,PEATON,PEATON,FEMENINO,80,1,1
2020-0020,1,2020-03-13,2020,3,13,17:30:00,AVENIDA,3,"-58,41","-34,61",PEATON-MOTO,MOTO,PEATON,PEATON,FEMENINO,74,1,1
2020-0021,1,2020-03-14,2020,3,14,16:50:00,CALLE,2,"-58,41","-34,59",PEATON-AUTO,AUTO,PEATON,PEATON,FEMENINO,87,1,1
2020-0022,1,2020-04-07,2020,4,7,06:15:00,AUTOPISTA,9,"-58,47","-34,66",AUTO-CARGAS,CARGAS,PASAJERO,AUTO,MASCULINO,44,1,1
2020-0023,1,2020-04-09,2020,4,9,18:42:00,AVENIDA,4,"-58,36","-34,64",AUTO-CARGAS,CARGAS,CONDUCTOR,AUTO,MASCULINO,44,1,1
2020-0024,1,2020-04-24,2020,4,24,07:58:00,CALLE,9,"-58,51","-34,65",AUTO-AUTO,AUTO,CONDUCTOR,AUTO,MASCULINO,53,1,1
2020-0025,1,2020-05-12,2020,5,12,05:35:00,AVENIDA,3,"-58,40","-34,61",PEATON-AUTO,AUTO,PEATON,PEATON,MASCULINO,0,1,1
2020-0026,1,2020-05-17,2020,5,17,06:40:00,AUTOPISTA,14,nan,nan,MOTO-OBJETO FIJO,OBJETO FIJO,CONDUCTOR,MOTO,MASCULINO,28,1,1
2020-0027,1,2020-05-18,2020,5,18,08:00:00,AVENIDA,8,"-58,48","-34,68",PEATON-CARGAS,CARGAS,PEATON,PEATON,MASCULINO,76,1,1
2020-0028,1,2020-05-19,2020,5,19,10:00:00,AVENIDA,15,"-58,44","-34,60",PEATON-PASAJEROS,PASAJEROS,PEATON,PEATON,MASCULINO,91,1,1
2020-0029,1,2020-06-10,2020,6,10,14:00:00,AUTOPISTA,9,"-58,53","-34,64",PEATON-PASAJEROS,PASAJEROS,PEATON,PEATON,MASCULINO,80,1,1
2020-0030,1,2020-06-16,2020,6,16,15:00:00,AVENIDA,6,"-58,45","-34,61",MULTIPLE,MULTIPLE,CONDUCTOR,MOTO,MASCULINO,40,1,1
2020-0031,1,2020-06-30,2020,6,30,08:00:00,AVENIDA,9,"-58,49","-34,66",MOTO-CARGAS,CARGAS,CONDUCTOR,MOTO,MASCULINO,29,1,1
2020-0032,1,2020-07-10,2020,7,10,23:00:00,AVENIDA,15,"-58,44","-34,60",MOTO-AUTO,AUTO,CONDUCTOR,MOTO,MASCULINO,21,1,2
2020-0033,1,2020-07-19,2020,7,19,06:25:00,AUTOPISTA,13,"-58,47","-34,53",AUTO-OBJETO FIJO,OBJETO FIJO,CONDUCTOR,AUTO,MASCULINO,32,1,2
2020-0034,1,2020-08-02,2020,8,2,03:20:00,CALLE,3,"-58,41","-34,61",PEATON-AUTO,AUTO,PEATON,PEATON,FEMENINO,0,1,2
2020-0035,1,2020-08-04,2020,8,4,05:30:00,AUTOPISTA,7,"-58,45","-34,64",MOTO-PASAJEROS,PASAJEROS,CONDUCTOR,MOTO,MASCULINO,40,1,2
2020-0036,1,2020-08-07,2020,8,7,18:40:00,AVENIDA,14,"-58,42","-34,59",PEATON-MOTO,MOTO,PEATON,PEATON,MASCULINO,72,1,2
2020-0037,1,2020-08-29,2020,8,29,04:30:00,AVENIDA,8,"-58,44","-34,66",PEATON-AUTO,AUTO,PEATON,PEATON,MASCULINO,38,1,2
2020-0038,2,2020-08-30,2020,8,30,04:00:00,AVENIDA,14,"-58,41","-34,58",AUTO-AUTO,AUTO,CONDUCTOR,AUTO,MASCULINO,46,1,2
2020-0038,2,2020-08-30,2020,8,30,04:00:00,AVENIDA,14,"-58,41","-34,58",AUTO-AUTO,AUTO,CONDUCTOR,AUTO,MASCULINO,64,1,2
2020-0039,1,2020-09-01,2020,9,1,19:17:42,CALLE,9,nan,nan,PEATON-CARGAS,CARGAS,PEATON,PEATON,MASCULINO,44,1,2
2020-0040,1,2020-09-12,2020,9,12,03:30:00,AVENIDA,2,"-58,39","-34,58",AUTO-OBJETO FIJO,OBJETO FIJO,CONDUCTOR,AUTO,MASCULINO,0,1,2
2020-0041,1,2020-09-28,2020,9,28,01:45:00,AVENIDA,7,"-58,45","-34,63",MOTO-PASAJEROS,PASAJEROS,CONDUCTOR,MOTO,MASCULINO,34,1,2
2020-0042,1,2020-09-29,2020,9,29,17:10:00,AVENIDA,8,"-58,47","-34,68",PEATON-PASAJEROS,PASAJEROS,PEATON,PEATON,FEMENINO,53,1,2
2020-0043,1,2020-09-30,2020,9,30,17:20:00,AVENIDA,1,"-58,37","-34,60",PEATON-PASAJEROS,PASAJEROS,PEATON,PEATON,MASCULINO,64,1,2
2020-0044,1,2020-10-05,2020,10,5,00:20:00,AVENIDA,6,"-58,43","-34,62",AUTO-AUTO,AUTO,CONDUCTOR,AUTO,MASCULINO,43,1,2
2020-0045,1,2020-10-19,2020,10,19,03:00:00,AUTOPISTA,8,"-58,46","-34,71",AUTO-CARGAS,CARGAS,CONDUCTOR,AUTO,MASCULINO,50,1,2
2020-0046,1,2020-10-27,2020,10,27,21:00:00,AVENIDA,11,"-58,48","-34,61",MOTO-MOTO,MOTO,CONDUCTOR,MOTO,MASCULINO,41,1,2
2020-0047,1,2020-10-27,2020,10,27,14:00:00,AUTOPISTA,9,"-58,47","-34,65",PEATON-CARGAS,CARGAS,PEATON,PEATON,MASCULINO,15,1,2
2020-0048,1,2020-10-29,2020,10,29,20:20:00,AVENIDA,15,"-58,45","-34,59",MOTO-OBJETO FIJO,OBJETO FIJO,CONDUCTOR,MOTO,MASCULINO,41,1,2
2020-0049,1,2020-10-30,2020,10,30,20:00:00,AVENIDA,1,"-58,38","-34,59",PEATON-AUTO,AUTO,PEATON,PEATON,MASCULINO,36,1,2
2020-0050,1,2020-11-01,2020,11,1,22:00:00,AVENIDA,14,"-58,43","-34,58",PEATON-MOTO,MOTO,PEATON,PEATON,FEMENINO,28,1,2
2020-0051,1,2020-11-05,2020,11,5,00:40:00,AVENIDA,10,"-58,48","-34,63",MOTO-AUTO,AUTO,CONDUCTOR,MOTO,MASCULINO,49,1,2
2020-0052,1,2020-11-07,2020,11,7,06:50:00,AVENIDA,3,"-58,40","-34,60",BICICLETA-CARGAS,CARGAS,CICLISTA,BICICLETA,MASCULINO,44,1,2
2020-0053,1,2020-11-09,2020,11,9,03:30:00,AVENIDA,4,"-58,41","-34,65",AUTO-AUTO,AUTO,PASAJERO,AUTO,MASCULINO,27,1,2
2020-0054,1,2020-11-19,2020,11,19,09:00:00,CALLE,4,"-58,40","-34,63",BICICLETA-AUTO,AUTO,CICLISTA,BICICLETA,MASCULINO,59,1,2
2020-0055,1,2020-11-19,2020,11,19,12:30:00,AVENIDA,12,"-58,49","-34,58",PEATON-CARGAS,CARGAS,PEATON,PEATON,MASCULINO,91,1,2
2020-0056,1,2020-11-21,2020,11,21,13:00:00,AUTOPISTA,8,"-58,47","-34,70",MOTO-CARGAS,CARGAS,CONDUCTOR,MOTO,FEMENINO,34,1,2
2020-0057,1,2020-11-23,2020,11,23,07:45:00,AVENIDA,11,"-58,48","-34,62",PEATON-AUTO,AUTO,PEATON,PEATON,MASCULINO,84,1,2
2020-0058,1,2020-11-24,2020,11,24,16:00:00,AVENIDA,10,"-58,49","-34,64",PEATON-AUTO,AUTO,PEATON,PEATON,MASCULINO,57,1,2
2020-0059,1,2020-12-01,2020,12,1,06:35:00,CALLE,1,"-58,38","-34,63",PEATON-PASAJEROS,PASAJEROS,PEATON,PEATON,FEMENINO,49,1,2
2020-0060,1,2020-12-03,2020,12,3,20:30:00,AVENIDA,9,"-58,48","-34,66",PEATON-MOTO,MOTO,PEATON,PEATON,FEMENINO,69,1,2
2020-0061,1,2020-12-03,2020,12,3,14:40:00,AUTOPISTA,13,"-58,45","-34,54",MOTO-CARGAS,CARGAS,CONDUCTOR,MOTO,MASCULINO,45,1,2
2020-0062,1,2020-12-04,2020,12,4,17:19:00,CALLE,3,"-58,39","-34,61",BICICLETA-PASAJEROS,PASAJEROS,CICLISTA,BICICLETA,MASCULINO,47,1,2
2020-0063,2,2020-12-05,2020,12,5,07:10:00,CALLE,11,"-58,53","-34,61",PEATON_MOTO-MOTO,MOTO,PEATON,PEATON,MASCULINO,38,1,2
2020-0063,2,2020-12-05,2020,12,5,07:10:00,CALLE,11,"-58,53","-34,61",PEATON_MOTO-MOTO,MOTO,PASAJERO,MOTO,MASCULINO,21,1,2
2020-0065,1,2020-12-05,2020,12,5,16:00:00,AUTOPISTA,12,"-58,49","-34,55",MOTO-AUTO,AUTO,CONDUCTOR,MOTO,MASCULINO,24,1,2
2020-0066,1,2020-12-07,2020,12,7,04:30:00,AUTOPISTA,10,"-58,50","-34,64",MOTO-OBJETO FIJO,OBJETO FIJO,CONDUCTOR,MOTO,MASCULINO,27,1,2
2020-0067,1,2020-12-11,2020,12,11,22:00:00,AVENIDA,4,"-58,42","-34,65",PEATON-PASAJEROS,PASAJEROS,PEATON,PEATON,MASCULINO,51,1,2
2020-0068,1,2020-12-12,2020,12,12,20:30:00,AVENIDA,2,"-58,40","-34,58",MOTO-AUTO,AUTO,CONDUCTOR,MOTO,MASCULINO,71,1,2
2020-0069,1,2020-12-15,2020,12,15,05:20:00,AVENIDA,1,"-58,39","-34,62",MOTO-PASAJEROS,PASAJEROS,PASAJERO,MOTO,MASCULINO,25,1,2
2020-0070,1,2020-12-17,2020,12,17,15:35:00,AVENIDA,2,"-58,39","-34,59",PEATON-PASAJEROS,PASAJEROS,PEATON,PEATON,FEMENINO,81,1,2
2020-0071,1,2020-12-17,2020,12,17,23:00:00,AVENIDA,7,"-58,47","-34,64",PEATON-AUTO,AUTO,PEATON,PEATON,MASCULINO,4,1,2
2020-0072,1,2020-12-19,2020,12,19,03:30:00,AVENIDA,3,"-58,40","-34,62",BICICLETA-AUTO,AUTO,CICLISTA,BICICLETA,MASCULINO,42,1,2
2020-0073,1,2020-12-20,2020,12,20,07:40:00,AVENIDA,8,"-58,44","-34,68",MOTO-OBJETO FIJO,OBJETO FIJO,CONDUCTOR,MOTO,MASCULINO,56,1,2
2020-0074,1,2020-12-20,2020,12,20,21:00:00,AVENIDA,7,"-58,47","-34,63",AUTO-AUTO,AUTO,CONDUCTOR,AUTO,MASCULINO,39,1,2
2020-0075,1,2020-12-23,2020,12,23,14:00:00,AVENIDA,1,"-58,38","-34,60",PEATON-PASAJEROS,PASAJEROS,PEATON,PEATON,MASCULINO,23,1,2
2020-0076,1,2020-12-24,2020,12,24,12:30:00,AVENIDA,10,"-58,50","-34,62",AUTO-PASAJEROS,PASAJEROS,CONDUCTOR,AUTO,FEMENINO,78,1,2
2020-0077,2,2020-12-25,2020,12,25,06:40:00,AVENIDA,15,"-58,47","-34,60",MOTO-AUTO,AUTO,CONDUCTOR,MOTO,FEMENINO,30,1,2
2020-0077,2,2020-12-25,2020,12,25,06:40:00,AVENIDA,15,"-58,47","-34,60",MOTO-AUTO,AUTO,PASAJERO,MOTO,FEMENINO,24,1,2
2020-0078,1,2020-12-25,2020,12,25,05:50:00,CALLE,7,"-58,44","-34,63",BICICLETA-PASAJEROS,PASAJEROS,CICLISTA,BICICLETA,MASCULINO,26,1,2
2020-0079,1,2020-12-27,2020,12,27,04:15:00,AUTOPISTA,12,"-58,49","-34,55",MOTO-OBJETO FIJO,OBJETO FIJO,CONDUCTOR,MOTO,MASCULINO,28,1,2
2021-0001,1,2021-01-06,2021,1,6,18:00:00,AUTOPISTA,1,"-58,38","-34,63",MOTO-AUTO,AUTO,CONDUCTOR,MOTO,MASCULINO,36,1,1
2021-0002,1,2021-01-07,2021,1,7,10:20:00,AVENIDA,9,"-58,51","-34,65",MOTO-CARGAS,CARGAS,CONDUCTOR,MOTO,FEMENINO,47,1,1
2021-0003,1,2021-01-10,2021,1,10,07:40:00,AUTOPISTA,7,"-58,43","-34,63",MOTO-OBJETO FIJO,OBJETO FIJO,CONDUCTOR,MOTO,MASCULINO,27,1,1
2021-0004,1,2021-01-11,2021,1,11,09:12:18,AVENIDA,5,"-58,41","-34,64",PEATON-CARGAS,CARGAS,PEATON,PEATON,FEMENINO,61,1,1
2021-0005,1,2021-01-11,2021,1,11,21:30:00,AVENIDA,9,"-58,47","-34,65",PEATON-AUTO,AUTO,PEATON,PEATON,MASCULINO,73,1,1
2021-0006,1,2021-01-12,2021,1,12,21:00:00,AUTOPISTA,14,"-58,41","-34,57",MOTO-CARGAS,CARGAS,PASAJERO,MOTO,FEMENINO,23,1,1
2021-0007,1,2021-01-18,2021,1,18,10:00:00,AVENIDA,15,"-58,49","-34,59",MOTO-MOTO,MOTO,CONDUCTOR,MOTO,MASCULINO,84,1,1
2021-0008,1,2021-01-22,2021,1,22,23:30:00,AVENIDA,4,"-58,42","-34,65",PEATON-PASAJEROS,PASAJEROS,PEATON,PEATON,MASCULINO,28,1,1
2021-0009,1,2021-01-23,2021,1,23,05:30:00,AVENIDA,6,"-58,45","-34,61",MOTO-OBJETO FIJO,OBJETO FIJO,CONDUCTOR,MOTO,MASCULINO,31,1,1
2021-0010,1,2021-01-23,2021,1,23,08:00:00,AUTOPISTA,12,"-58,50","-34,55",MOTO-AUTO,AUTO,CONDUCTOR,MOTO,MASCULINO,28,1,1
2021-0011,1,2021-01-27,2021,1,27,01:04:26,AVENIDA,2,"-58,39","-34,60",PEATON-AUTO,AUTO,PEATON,PEATON,MASCULINO,21,1,1
2021-0012,1,2021-01-29,2021,1,29,20:07:22,AUTOPISTA,8,"-58,48","-34,68",PEATON-AUTO,AUTO,PEATON,PEATON,MASCULINO,0,1,1
2021-0013,1,2021-01-31,2021,1,31,06:10:00,AVENIDA,10,"-58,49","-34,64",MOTO-OBJETO FIJO,OBJETO FIJO,CONDUCTOR,MOTO,MASCULINO,41,1,1
2021-0014,1,2021-02-02,2021,2,2,00:50:00,AVENIDA,15,"-58,48","-34,60",PEATON-AUTO,AUTO,PEATON,PEATON,MASCULINO,28,1,1
2021-0015,1,2021-02-06,2021,2,6,03:05:00,AVENIDA,15,"-58,49","-34,60",MOTO-OBJETO FIJO,OBJETO FIJO,CONDUCTOR,MOTO,MASCULINO,26,1,1
2021-0016,1,2021-02-14,2021,2,14,05:50:00,AVENIDA,8,"-58,47","-34,68",AUTO-OBJETO FIJO,OBJETO FIJO,CONDUCTOR,AUTO,MASCULINO,22,1,1
2021-0017,1,2021-02-17,2021,2,17,04:10:00,AVENIDA,1,"-58,38","-34,63",MOTO-PASAJEROS,PASAJEROS,CONDUCTOR,MOTO,MASCULINO,33,1,1
2021-0018,1,2021-02-20,2021,2,20,19:00:00,CALLE,3,"-58,41","-34,61",PEATON-AUTO,AUTO,PEATON,PEATON,MASCULINO,36,1,1
2021-0019,1,2021-02-21,2021,2,21,01:20:00,AVENIDA,12,"-58,50","-34,56",MOTO-OBJETO FIJO,OBJETO FIJO,CONDUCTOR,MOTO,MASCULINO,30,1,1
2021-0020,1,2021-02-21,2021,2,21,15:00:00,CALLE,5,"-58,42","-34,61",PEATON-CARGAS,CARGAS,PEATON,PEATON,FEMENINO,0,1,1
2021-0021,1,2021-02-26,2021,2,26,05:30:00,CALLE,3,"-58,41","-34,61",MOTO-OBJETO FIJO,OBJETO FIJO,CONDUCTOR,MOTO,MASCULINO,39,1,1
2021-0022,1,2021-02-28,2021,2,28,12:00:00,AVENIDA,13,"-58,45","-34,55",PASAJEROS-SD,DESCONOCIDO,PASAJERO,PASAJEROS,MASCULINO,68,1,1
2021-0023,1,2021-03-01,2021,3,1,09:20:00,AUTOPISTA,4,nan,nan,MOTO-CARGAS,CARGAS,CONDUCTOR,MOTO,MASCULINO,24,1,1
2021-0024,1,2021-03-03,2021,3,3,16:30:00,AVENIDA,9,"-58,50","-34,67",BICICLETA-CARGAS,CARGAS,CICLISTA,BICICLETA,MASCULINO,5,1,1
2021-0025,1,2021-03-11,2021,3,11,03:45:00,AUTOPISTA,8,"-58,49","-34,69",MOTO-OTRO,OTRO,CONDUCTOR,MOTO,MASCULINO,37,1,1
2021-0026,1,2021-03-15,2021,3,15,02:35:00,AUTOPISTA,4,"-58,38","-34,64",MOTO-OBJETO FIJO,OBJETO FIJO,CONDUCTOR,MOTO,MASCULINO,36,1,1
2021-0027,1,2021-03-16,2021,3,16,15:30:00,AUTOPISTA,12,"-58,49","-34,55",MOTO-CARGAS,CARGAS,CONDUCTOR,MOTO,FEMENINO,19,1,1
2021-0028,1,2021-03-29,2021,3,29,17:20:00,AVENIDA,7,"-58,44","-34,64",PEATON-PASAJEROS,PASAJEROS,PEATON,PEATON,MASCULINO,0,1,1
2021-0029,1,2021-03-31,2021,3,31,18:05:00,AVENIDA,7,"-58,47","-34,63",AUTO-AUTO,AUTO,CONDUCTOR,AUTO,MASCULINO,26,1,1
2021-0030,1,2021-04-03,2021,4,3,18:30:00,CALLE,4,"-58,39","-34,63",PEATON-PASAJEROS,PASAJEROS,PEATON,PEATON,MASCULINO,36,1,1
2021-0031,1,2021-04-07,2021,4,7,10:29:00,AVENIDA,1,"-58,38","-34,62",PEATON-CARGAS,CARGAS,PEATON,PEATON,FEMENINO,68,1,1
2021-0032,1,2021-04-10,2021,4,10,19:55:00,AUTOPISTA,13,"-58,44","-34,55",PEATON-MOTO,MOTO,PEATON,PEATON,MASCULINO,60,1,1
2021-0033,1,2021-04-14,2021,4,14,17:50:00,AUTOPISTA,5,"-58,42","-34,63",AUTO-OBJETO FIJO,OBJETO FIJO,CONDUCTOR,AUTO,MASCULINO,33,1,1
2021-0034,1,2021-04-19,2021,4,19,14:40:00,AVENIDA,4,"-58,40","-34,65",MOTO-CARGAS,CARGAS,PASAJERO,MOTO,FEMENINO,26,1,1
2021-0035,1,2021-05-03,2021,5,3,09:20:00,AVENIDA,8,"-58,45","-34,66",MOTO-CARGAS,CARGAS,CONDUCTOR,MOTO,MASCULINO,24,1,1
2021-0036,1,2021-05-09,2021,5,9,06:00:00,AUTOPISTA,11,"-58,52","-34,60",MOTO-OBJETO FIJO,OBJETO FIJO,CONDUCTOR,MOTO,MASCULINO,36,1,1
2021-0037,1,2021-05-11,2021,5,11,07:10:00,AVENIDA,13,"-58,47","-34,56",PEATON-PASAJEROS,PASAJEROS,PEATON,PEATON,FEMENINO,58,1,1
2021-0038,1,2021-05-14,2021,5,14,11:40:00,AVENIDA,14,"-58,43","-34,58",MOTO-CARGAS,CARGAS,CONDUCTOR,MOTO,FEMENINO,44,1,1
2021-0039,1,2021-05-15,2021,5,15,12:09:00,AVENIDA,9,"-58,50","-34,65",BICICLETA-AUTO,AUTO,CICLISTA,BICICLETA,MASCULINO,86,1,1
2021-0040,1,2021-05-20,2021,5,20,05:50:00,AUTOPISTA,13,"-58,47","-34,53",MOTO-AUTO,AUTO,CONDUCTOR,MOTO,MASCULINO,27,1,1
2021-0041,1,2021-05-20,2021,5,20,08:30:00,AVENIDA,14,"-58,41","-34,58",PEATON-PASAJEROS,PASAJEROS,PEATON,PEATON,MASCULINO,75,1,1
2021-0042,1,2021-05-21,2021,5,21,05:00:00,AVENIDA,9,"-58,52","-34,64",PEATON-PASAJEROS,PASAJEROS,PEATON,PEATON,MASCULINO,39,1,1
2021-0043,1,2021-05-22,2021,5,22,18:26:00,AVENIDA,9,"-58,51","-34,66",PEATON-AUTO,AUTO,PEATON,PEATON,MASCULINO,50,1,1
2021-0044,1,2021-05-25,2021,5,25,02:00:00,AVENIDA,9,"-58,47","-34,65",MOTO-OBJETO FIJO,OBJETO FIJO,PASAJERO,MOTO,MASCULINO,21,1,1
2021-0045,1,2021-05-26,2021,5,26,17:24:00,AUTOPISTA,4,"-58,38","-34,64",MULTIPLE,MULTIPLE,CONDUCTOR,MOTO,MASCULINO,22,1,1
2021-0046,1,2021-05-31,2021,5,31,02:00:00,AVENIDA,15,"-58,46","-34,59",AUTO-OBJETO FIJO,OBJETO FIJO,PASAJERO,AUTO,MASCULINO,20,1,1
2021-0047,1,2021-06-02,2021,6,2,16:00:00,AVENIDA,4,"-58,42","-34,66",MOTO-AUTO,AUTO,CONDUCTOR,MOTO,MASCULINO,59,1,1
2021-0048,1,2021-06-03,2021,6,3,09:58:00,AVENIDA,12,"-58,49","-34,57",BICICLETA-AUTO,AUTO,CICLISTA,BICICLETA,MASCULINO,44,1,1
2021-0049,1,2021-06-03,2021,6,3,20:30:00,AVENIDA,8,"-58,45","-34,67",AUTO-AUTO,AUTO,CONDUCTOR,AUTO,MASCULINO,74,1,1
2021-0050,1,2021-06-10,2021,6,10,13:30:00,AVENIDA,13,"-58,45","-34,56",MOTO-PASAJEROS,PASAJEROS,CONDUCTOR,MOTO,MASCULINO,56,1,1
2021-0051,1,2021-06-15,2021,6,15,19:20:00,AVENIDA,4,"-58,42","-34,66",PEATON-CARGAS,CARGAS,PEATON,PEATON,MASCULINO,73,1,1
2021-0052,1,2021-06-20,2021,6,20,05:40:00,AUTOPISTA,8,"-58,50","-34,68",MOTO-OBJETO FIJO,OBJETO FIJO,PASAJERO,MOTO,FEMENINO,19,1,1
2021-0053,1,2021-06-20,2021,6,20,12:00:00,AVENIDA,15,"-58,44","-34,59",PEATON-BICICLETA,BICICLETA,PEATON,PEATON,MASCULINO,58,1,1
2021-0054,1,2021-06-22,2021,6,22,14:44:00,CALLE,4,"-58,43","-34,65",MOTO-CARGAS,CARGAS,CONDUCTOR,MOTO,MASCULINO,41,1,1
2021-0055,1,2021-06-29,2021,6,29,12:20:00,AVENIDA,3,"-58,41","-34,60",MOTO-CARGAS,CARGAS,PASAJERO,MOTO,MASCULINO,47,1,1
2021-0056,1,2021-07-09,2021,7,9,23:25:00,AVENIDA,4,"-58,42","-34,65",BICICLETA-AUTO,AUTO,CICLISTA,BICICLETA,MASCULINO,60,1,2
2021-0057,1,2021-07-10,2021,7,10,23:30:00,AUTOPISTA,2,"-58,39","-34,58",AUTO-OBJETO FIJO,OBJETO FIJO,CONDUCTOR,AUTO,MASCULINO,46,1,2
2021-0058,1,2021-07-21,2021,7,21,00:40:00,AUTOPISTA,12,"-58,49","-34,55",PEATON-AUTO,AUTO,PEATON,PEATON,MASCULINO,24,1,2
2021-0059,1,2021-07-22,2021,7,22,01:20:00,AVENIDA,3,"-58,40","-34,63",AUTO-OBJETO FIJO,OBJETO FIJO,PASAJERO,AUTO,FEMENINO,44,1,2
2021-0060,1,2021-07-22,2021,7,22,12:30:00,AVENIDA,5,"-58,42","-34,61",PEATON-PASAJEROS,PASAJEROS,PEATON,PEATON,FEMENINO,80,1,2
2021-0061,1,2021-07-24,2021,7,24,09:15:00,AVENIDA,4,"-58,41","-34,65",PEATON-CARGAS,CARGAS,PEATON,PEATON,FEMENINO,55,1,2
2021-0062,1,2021-07-27,2021,7,27,07:16:00,AVENIDA,4,"-58,42","-34,65",AUTO-CARGAS,CARGAS,CONDUCTOR,AUTO,MASCULINO,73,1,2
2021-0063,1,2021-08-02,2021,8,2,04:40:00,AVENIDA,7,"-58,47","-34,63",AUTO-AUTO,AUTO,PASAJERO,AUTO,FEMENINO,31,1,2
2021-0064,1,2021-08-02,2021,8,2,20:00:00,AUTOPISTA,9,"-58,53","-34,65",PEATON-CARGAS,CARGAS,PEATON,PEATON,MASCULINO,37,1,2
2021-0065,1,2021-08-06,2021,8,6,08:30:00,AVENIDA,6,"-58,43","-34,63",PEATON-PASAJEROS,PASAJEROS,PEATON,PEATON,FEMENINO,63,1,2
2021-0066,1,2021-08-06,2021,8,6,20:00:00,AVENIDA,11,"-58,53","-34,61",PEATON-PASAJEROS,PASAJEROS,PEATON,PEATON,MASCULINO,59,1,2
2021-0067,1,2021-08-08,2021,8,8,09:29:00,AUTOPISTA,1,"-58,38","-34,63",MOTO-OBJETO FIJO,OBJETO FIJO,CONDUCTOR,MOTO,MASCULINO,27,1,2
2021-0068,1,2021-08-15,2021,8,15,06:10:00,AVENIDA,11,"-58,52","-34,61",MOTO-OBJETO FIJO,OBJETO FIJO,CONDUCTOR,MOTO,MASCULINO,39,1,2
2021-0069,1,2021-08-20,2021,8,20,17:15:00,AVENIDA,14,"-58,41","-34,59",PEATON-AUTO,AUTO,PEATON,PEATON,MASCULINO,17,1,2
2021-0070,1,2021-08-28,2021,8,28,08:30:00,AVENIDA,8,"-58,44","-34,65",MOTO-CARGAS,CARGAS,CONDUCTOR,MOTO,MASCULINO,31,1,2
2021-0071,1,2021-08-31,2021,8,31,16:00:00,CALLE,3,"-58,40","-34,60",PEATON-MOTO,MOTO,PEATON,PEATON,MASCULINO,88,1,2
2021-0072,1,2021-09-01,2021,9,1,19:10:00,AVENIDA,2,"-58,39","-34,60",PEATON-AUTO,AUTO,PEATON,PEATON,FEMENINO,57,1,2
2021-0073,1,2021-09-18,2021,9,18,12:20:00,AVENIDA,2,"-58,39","-34,58",BICICLETA-AUTO,AUTO,CICLISTA,BICICLETA,FEMENINO,76,1,2
2021-0074,1,2021-09-20,2021,9,20,15:00:00,AUTOPISTA,12,"-58,50","-34,55",MULTIPLE,MULTIPLE,CONDUCTOR,MOTO,MASCULINO,55,1,2
2021-0075,1,2021-09-21,2021,9,21,14:30:00,CALLE,1,"-58,38","-34,63",PEATON-CARGAS,CARGAS,PEATON,PEATON,MASCULINO,65,1,2
2021-0076,1,2021-10-16,2021,10,16,06:15:00,AVENIDA,7,"-58,44","-34,65",MOTO-OBJETO FIJO,OBJETO FIJO,CONDUCTOR,MOTO,MASCULINO,31,1,2
2021-0077,1,2021-10-18,2021,10,18,07:20:00,AVENIDA,6,"-58,44","-34,63",MOTO-CARGAS,CARGAS,CONDUCTOR,MOTO,FEMENINO,31,1,2
2021-0078,1,2021-10-23,2021,10,23,06:35:00,AVENIDA,6,"-58,43","-34,62",MOTO-PASAJEROS,PASAJEROS,CONDUCTOR,MOTO,MASCULINO,22,1,2
2021-0079,1,2021-10-25,2021,10,25,03:30:00,CALLE,3,"-58,41","-34,60",PEATON-AUTO,AUTO,PEATON,PEATON,MASCULINO,0,1,2
2021-0080,1,2021-10-28,2021,10,28,16:16:00,AVENIDA,1,"-58,38","-34,59",MOTO-AUTO,AUTO,CONDUCTOR,MOTO,MASCULINO,32,1,2
2021-0081,1,2021-11-02,2021,11,2,13:35:00,AUTOPISTA,4,"-58,38","-34,64",MOTO-CARGAS,CARGAS,CONDUCTOR,MOTO,MASCULINO,26,1,2
2021-0082,1,2021-11-06,2021,11,6,04:39:00,AUTOPISTA,3,"-58,40","-34,62",MOTO-AUTO,AUTO,CONDUCTOR,MOTO,MASCULINO,38,1,2
2021-0083,1,2021-11-09,2021,11,9,00:35:00,AVENIDA,13,"-58,46","-34,56",MOTO-AUTO,AUTO,CONDUCTOR,MOTO,MASCULINO,30,1,2
2021-0084,1,2021-11-11,2021,11,11,03:00:00,AVENIDA,9,"-58,49","-34,65",AUTO-OBJETO FIJO,OBJETO FIJO,CONDUCTOR,AUTO,MASCULINO,32,1,2
2021-0085,1,2021-11-20,2021,11,20,18:30:00,AUTOPISTA,12,"-58,51","-34,58",MOTO-OBJETO FIJO,OBJETO FIJO,CONDUCTOR,MOTO,MASCULINO,49,1,2
2021-0086,1,2021-11-25,2021,11,25,10:10:00,AVENIDA,6,"-58,45","-34,62",PEATON-PASAJEROS,PASAJEROS,PEATON,PEATON,MASCULINO,75,1,2
2021-0087,1,2021-11-27,2021,11,27,11:22:00,CALLE,1,"-58,38","-34,59",PEATON-BICICLETA,BICICLETA,PEATON,PEATON,FEMENINO,73,1,2
2021-0088,1,2021-12-01,2021,12,1,15:40:00,CALLE,13,"-58,46","-34,56",MOTO-AUTO,AUTO,CONDUCTOR,MOTO,MASCULINO,45,1,2
2021-0089,1,2021-12-02,2021,12,2,01:10:00,AVENIDA,11,"-58,48","-34,62",MOTO-AUTO,AUTO,CONDUCTOR,MOTO,MASCULINO,41,1,2
2021-0090,1,2021-12-10,2021,12,10,11:45:00,AVENIDA,1,"-58,38","-34,60",PEATON-PASAJEROS,PASAJEROS,PEATON,PEATON,MASCULINO,73,1,2
2021-0091,1,2021-12-11,2021,12,11,23:00:00,CALLE,10,"-58,52","-34,62",MOTO-AUTO,AUTO,CONDUCTOR,MOTO,MASCULINO,24,1,2
2021-0092,1,2021-12-12,2021,12,12,06:20:00,AVENIDA,3,"-58,41","-34,61",PEATON-AUTO,AUTO,PEATON,PEATON,FEMENINO,50,1,2
2021-0093,1,2021-12-13,2021,12,13,17:10:00,AVENIDA,7,"-58,43","-34,65",MOTO-AUTO,AUTO,PASAJERO,MOTO,FEMENINO,18,1,2
2021-0094,1,2021-12-20,2021,12,20,01:10:00,AUTOPISTA,9,"-58,47","-34,65",MOTO-AUTO,AUTO,PASAJERO,MOTO,FEMENINO,43,1,2
2021-0095,1,2021-12-30,2021,12,30,00:43:00,AVENIDA,11,"-58,47","-34,62",MOTO-CARGAS,CARGAS,CONDUCTOR,MOTO,MASCULINO,27,1,2
2021-0096,1,2021-12-15,2021,12,15,10:30:00,AVENIDA,9,"-58,47","-34,65",AUTO-CARGAS,CARGAS,CONDUCTOR,AUTO,MASCULINO,60,1,2
2021-0097,1,2021-11-18,2021,11,18,06:10:00,CALLE,1,"-58,38","-34,59",BICICLETA-AUTO,AUTO,CICLISTA,BICICLETA,MASCULINO,53,1,2
HC-2020-0624349,1,2020-11-21,2020,11,21,13:00:00,AUTOPISTA,8,"-58,47","-34,70",MOTO,CAMION,DESCONOCIDO,MOTO,FEMENINO,41,1,2
